country,iso3,year,population,age65_pct,urban_pct,gdp_per_capita,health_expenditure_pct_gdp,source_url
Austria,AUT,2000,8011566,15.4406416730563,66.7690238969566,24487.2974685956,9.38934517,https://api.worldbank.org/v2/
Austria,AUT,2001,8042293,15.4633865658572,66.8408161285718,24430.495982841,9.45243549,https://api.worldbank.org/v2/
Austria,AUT,2002,8081957,15.4618807713017,66.8887457136458,26334.862215032,9.59139919,https://api.worldbank.org/v2/
Austria,AUT,2003,8121423,15.474203955826,66.9263574955092,32110.1159661425,9.69844246,https://api.worldbank.org/v2/
Austria,AUT,2004,8171966,15.733576999106,66.9558612872944,36614.2506533707,9.81532383,https://api.worldbank.org/v2/
Austria,AUT,2005,8227829,16.2126667286006,66.9797950654143,38157.37022862,9.71779728,https://api.worldbank.org/v2/
Austria,AUT,2006,8268641,16.6795154741016,67.0006968062814,40382.2078298575,9.64073944,https://api.worldbank.org/v2/
Austria,AUT,2007,8295487,17.0280423461531,67.0211044863084,46622.9622913635,9.60482597,https://api.worldbank.org/v2/
Austria,AUT,2008,8321496,17.2809727927874,67.0435560819078,51581.3982361071,9.83415222,https://api.worldbank.org/v2/
Austria,AUT,2009,8343323,17.531366290654,67.0705895694924,47857.4446635266,10.31152916,https://api.worldbank.org/v2/
Austria,AUT,2010,8363404,17.6592449706019,67.1047429254747,46611.1393420232,10.31620026,https://api.worldbank.org/v2/
Austria,AUT,2011,8391643,17.7360671109115,67.1484255415056,51116.8953522042,10.1370182,https://api.worldbank.org/v2/
Austria,AUT,2012,8429991,17.9497049255533,67.2085909812279,48250.4059142637,10.30198097,https://api.worldbank.org/v2/
Austria,AUT,2013,8479823,18.1994460470678,67.2981308784247,50305.3545774973,10.40574837,https://api.worldbank.org/v2/
Austria,AUT,2014,8546356,18.3880563664351,67.4154327591781,51314.9722616322,10.51159096,https://api.worldbank.org/v2/
Austria,AUT,2015,8642699,18.4613708048616,67.5576175537383,43915.228020857,10.51688385,https://api.worldbank.org/v2/
Austria,AUT,2016,8736668,18.4999156835518,67.7218061923556,45061.4993920192,10.51713753,https://api.worldbank.org/v2/
Austria,AUT,2017,8797566,18.6103296736393,67.9051196052802,47163.7425775142,10.57132816,https://api.worldbank.org/v2/
Austria,AUT,2018,8840521,18.7625828458159,68.1046787227623,51194.0749841299,10.5157156,https://api.worldbank.org/v2/
Austria,AUT,2019,8879920,18.9402993578561,68.3176044750522,49885.9947355204,10.62530422,https://api.worldbank.org/v2/
Austria,AUT,2020,8916864,19.169788839314,68.5410177924001,48716.4098900349,11.41292953,https://api.worldbank.org/v2/
Austria,AUT,2021,8955797,19.462852720957,68.773601700253,53648.6437976214,12.185215,https://api.worldbank.org/v2/
Austria,AUT,2022,9041851,19.7897509199721,68.998085127906,52336.7725223758,11.22519779,https://api.worldbank.org/v2/
Austria,AUT,2023,9131761,20.1640196753077,69.2265358276021,56579.504175468,11.15297318,https://api.worldbank.org/v2/
Austria,AUT,2024,9177982,20.6064031791903,69.4658181096788,58268.8787651601,11.8325634,https://api.worldbank.org/v2/
Belgium,BEL,2000,10251250,16.8052483305967,82.0152520403035,23098.8865077401,7.99917603,https://api.worldbank.org/v2/
Belgium,BEL,2001,10286570,16.899389905001,82.3356893921976,23015.0712632462,8.14988899,https://api.worldbank.org/v2/
Belgium,BEL,2002,10332785,16.9798372646478,82.6509663267055,25006.191397109,8.3182106,https://api.worldbank.org/v2/
Belgium,BEL,2003,10376133,17.0709725854981,82.9609538786731,30655.2092679024,9.18925285,https://api.worldbank.org/v2/
Belgium,BEL,2004,10421137,17.1755814921989,83.2655230829461,35429.4077933344,9.35496902,https://api.worldbank.org/v2/
Belgium,BEL,2005,10478617,17.2201996099681,83.5645449743707,36809.7013403619,9.25018311,https://api.worldbank.org/v2/
Belgium,BEL,2006,10547958,17.1587511616051,83.8578905877926,38705.1067959147,9.1325655,https://api.worldbank.org/v2/
Belgium,BEL,2007,10625700,17.0787754073517,84.1454309580577,44319.165448813,9.1392889,https://api.worldbank.org/v2/
Belgium,BEL,2008,10709973,17.0686641068395,84.427037120012,48303.397956286,9.60036659,https://api.worldbank.org/v2/
Belgium,BEL,2009,10796493,17.0993251555047,84.7025801085014,44923.3400135081,10.54393387,https://api.worldbank.org/v2/
Belgium,BEL,2010,10895586,17.1172634557158,84.9719309583717,44197.393671162,10.41325188,https://api.worldbank.org/v2/
Belgium,BEL,2011,11038264,17.2510605141588,85.2349607044689,47760.8298776546,10.41302204,https://api.worldbank.org/v2/
Belgium,BEL,2012,11106932,17.4894292316249,85.4915403816388,44874.1709182123,10.5865345,https://api.worldbank.org/v2/
Belgium,BEL,2013,11159407,17.7203816464754,85.7415410247275,46964.5946777056,10.63787556,https://api.worldbank.org/v2/
Belgium,BEL,2014,11209057,17.9621509816265,85.9848336685807,47995.7786961339,10.62032604,https://api.worldbank.org/v2/
Belgium,BEL,2015,11274196,18.1637094668899,86.2212893480444,40893.804537772,10.88387299,https://api.worldbank.org/v2/
Belgium,BEL,2016,11331422,18.356666180316,86.4507790979645,41854.5498296444,10.89833736,https://api.worldbank.org/v2/
Belgium,BEL,2017,11375158,18.584903433857,86.6731739531869,44035.3239358548,10.94042683,https://api.worldbank.org/v2/
Belgium,BEL,2018,11427054,18.8086209996758,86.8883449485575,47487.2100392561,10.9937973,https://api.worldbank.org/v2/
Belgium,BEL,2019,11488980,19.029838081816,87.0961631189222,46716.6227467964,10.85831451,https://api.worldbank.org/v2/
Belgium,BEL,2020,11538604,19.224020193227,87.2964994991269,45906.2875805246,11.46253014,https://api.worldbank.org/v2/
Belgium,BEL,2021,11586195,19.4520520478909,87.4305564090635,51658.238294958,11.28825092,https://api.worldbank.org/v2/
Belgium,BEL,2022,11680210,19.7671927585206,87.489200269855,50639.0264882739,10.73976326,https://api.worldbank.org/v2/
Belgium,BEL,2023,11779946,20.1452749547016,87.551492636772,55244.68145811,10.80371571,https://api.worldbank.org/v2/
Belgium,BEL,2024,11858610,20.5580809256443,87.6126557010527,56581.9375642531,,https://api.worldbank.org/v2/
Bulgaria,BGR,2000,8170172,16.5832606245132,68.2631454467773,1621.3452487867,5.82970953,https://api.worldbank.org/v2/
Bulgaria,BGR,2001,8009142,16.8018233571951,69.196711983564,1770.99748249575,6.85958815,https://api.worldbank.org/v2/
Bulgaria,BGR,2002,7837161,16.9942797215828,69.4859161376953,2093.08967660564,7.0809865,https://api.worldbank.org/v2/
Bulgaria,BGR,2003,7775327,17.1203407509562,69.7808456420898,2719.63335037372,7.19987392,https://api.worldbank.org/v2/
Bulgaria,BGR,2004,7716860,17.2259508118662,69.9193344116211,3389.86047992391,6.89090872,https://api.worldbank.org/v2/
Bulgaria,BGR,2005,7658972,17.3371204434747,70.0869598388672,3900.02501966492,6.89011478,https://api.worldbank.org/v2/
Bulgaria,BGR,2006,7601022,17.4502054502091,70.5075225830078,4523.37797301782,6.52544546,https://api.worldbank.org/v2/
Bulgaria,BGR,2007,7545338,17.5726463867662,70.6844177246094,5888.87094585161,6.15651751,https://api.worldbank.org/v2/
Bulgaria,BGR,2008,7492561,17.7279116045502,70.902099609375,7271.67443724077,6.28281593,https://api.worldbank.org/v2/
Bulgaria,BGR,2009,7444443,17.9095144284968,71.3017349243164,6988.63048446496,6.59577608,https://api.worldbank.org/v2/
Bulgaria,BGR,2010,7395599,18.1472285711578,71.5149307250977,6854.2987837778,7.09477949,https://api.worldbank.org/v2/
Bulgaria,BGR,2011,7348328,18.5190836074404,72.6101653885532,7849.98219737366,7.10250568,https://api.worldbank.org/v2/
Bulgaria,BGR,2012,7305888,18.9492680312808,72.7684860229492,7432.33753378983,7.53903675,https://api.worldbank.org/v2/
Bulgaria,BGR,2013,7160005,19.3546939511256,72.9632821572019,7796.37945241455,7.14167452,https://api.worldbank.org/v2/
Bulgaria,BGR,2014,7073572,19.7757387242757,73.0844879150391,8070.01289303544,7.68306208,https://api.worldbank.org/v2/
Bulgaria,BGR,2015,6984225,20.209781460636,73.1030578613281,7269.02586513711,7.39363575,https://api.worldbank.org/v2/
Bulgaria,BGR,2016,6894139,20.5760516337296,73.1750030517578,7822.89886431732,7.45975018,https://api.worldbank.org/v2/
Bulgaria,BGR,2017,6803468,20.8699557799437,73.3904571533203,8697.13373333715,7.49624491,https://api.worldbank.org/v2/
Bulgaria,BGR,2018,6710798,21.1708879702475,73.600212097168,9849.88769989118,7.34086275,https://api.worldbank.org/v2/
Bulgaria,BGR,2019,6616726,21.4794589439076,73.7162322998047,10354.2500414088,7.11813641,https://api.worldbank.org/v2/
Bulgaria,BGR,2020,6550696,21.6867892994918,73.3239898681641,10760.7616180234,8.44060898,https://api.worldbank.org/v2/
Bulgaria,BGR,2021,6507301,21.7032217425472,73.346765618041,12966.8085197381,8.58048916,https://api.worldbank.org/v2/
Bulgaria,BGR,2022,6465097,21.6972972212748,73.4799164005224,13999.9113358453,7.63849449,https://api.worldbank.org/v2/
Bulgaria,BGR,2023,6446596,21.8324383446666,73.7322671584613,15854.0192893772,7.91853094,https://api.worldbank.org/v2/
Bulgaria,BGR,2024,6441421,22.0303362606903,73.9499356882481,17596.9167621233,,https://api.worldbank.org/v2/
Cyprus,CYP,2000,947667,9.94469045808837,68.7726966799379,14388.3525390625,5.30800056,https://api.worldbank.org/v2/
Cyprus,CYP,2001,964127,10.0289692125622,68.8024068077544,14821.44921875,5.33940458,https://api.worldbank.org/v2/
Cyprus,CYP,2002,981440,10.0892566025432,68.7863589370716,16093.2158203125,5.61565971,https://api.worldbank.org/v2/
Cyprus,CYP,2003,999590,10.1426584899809,68.7120973207373,20252.24609375,5.63568783,https://api.worldbank.org/v2/
Cyprus,CYP,2004,1017875,10.2251208522064,68.5908141437316,23792.619140625,5.40558147,https://api.worldbank.org/v2/
Cyprus,CYP,2005,1036151,10.3365193217401,68.4340674211981,24959.26171875,5.43580961,https://api.worldbank.org/v2/
Cyprus,CYP,2006,1054418,10.4796674563598,68.2534151682801,26729.28125,5.46357489,https://api.worldbank.org/v2/
Cyprus,CYP,2007,1072714,10.6559207094905,68.0604154001212,31244.87890625,5.35744858,https://api.worldbank.org/v2/
Cyprus,CYP,2008,1091026,10.8584438599796,67.8666261318649,35541.88671875,6.01430845,https://api.worldbank.org/v2/
Cyprus,CYP,2009,1109371,11.0792962859134,67.6836053786548,32236.462890625,6.46531534,https://api.worldbank.org/v2/
Cyprus,CYP,2010,1127816,11.3182862637672,67.5229111556342,31105.02734375,6.50055742,https://api.worldbank.org/v2/
Cyprus,CYP,2011,1146493,11.5524959823113,67.3979892758544,32485.8046875,6.43139076,https://api.worldbank.org/v2/
Cyprus,CYP,2012,1165397,11.7783896817994,67.3010289148738,28991.9296875,6.53638792,https://api.worldbank.org/v2/
Cyprus,CYP,2013,1183895,12.0174508719101,67.2102333625375,27764.7265625,6.92774534,https://api.worldbank.org/v2/
Cyprus,CYP,2014,1201801,12.2610616321095,67.1230558819804,26993.095703125,6.93137264,https://api.worldbank.org/v2/
Cyprus,CYP,2015,1219502,12.499902624146,67.0402477918073,23088.4296875,6.79382181,https://api.worldbank.org/v2/
Cyprus,CYP,2016,1237112,12.7306530327678,66.9625604106231,24280.044921875,6.65254688,https://api.worldbank.org/v2/
Cyprus,CYP,2017,1254275,12.9503446411893,66.8907450570326,26247.46484375,6.62192535,https://api.worldbank.org/v2/
Cyprus,CYP,2018,1270737,13.1664879646662,66.8255530496405,29120.38671875,6.78446245,https://api.worldbank.org/v2/
Cyprus,CYP,2019,1286671,13.3825533556934,66.7677357070518,29227.16796875,6.99843168,https://api.worldbank.org/v2/
Cyprus,CYP,2020,1302247,13.6112758903357,66.7180443478713,28130.330078125,8.64796448,https://api.worldbank.org/v2/
Cyprus,CYP,2021,1317309,13.8514250837978,66.6718365394971,32937.8359375,8.87445068,https://api.worldbank.org/v2/
Cyprus,CYP,2022,1331370,14.0779422699926,66.6694829407584,33231.05078125,8.27201366,https://api.worldbank.org/v2/
Cyprus,CYP,2023,1344976,14.3232720596026,66.6739477522639,36623.70703125,8.11912918,https://api.worldbank.org/v2/
Cyprus,CYP,2024,1358282,14.616184268068,66.6824259192483,38674.3125,,https://api.worldbank.org/v2/
Czechia,CZE,2000,10255063,13.7609941540348,74.0038256456769,6062.92152842793,5.66916943,https://api.worldbank.org/v2/
Czechia,CZE,2001,10216605,13.8031991208702,73.9131752504002,6669.07494847497,5.83479309,https://api.worldbank.org/v2/
Czechia,CZE,2002,10196916,13.8299128431282,73.8360067578753,8101.26018588111,6.14656258,https://api.worldbank.org/v2/
Czechia,CZE,2003,10193998,13.8568269490459,73.7649150201353,9852.45677945801,6.50168419,https://api.worldbank.org/v2/
Czechia,CZE,2004,10197101,13.9214932549247,73.6991647167017,11782.5546676117,6.33308411,https://api.worldbank.org/v2/
Czechia,CZE,2005,10211216,14.0575832897421,73.6375545423198,13442.4916284309,6.33529043,https://api.worldbank.org/v2/
Czechia,CZE,2006,10238905,14.2526797649416,73.578883191735,15259.0788162004,6.16489983,https://api.worldbank.org/v2/
Czechia,CZE,2007,10298828,14.4823049345478,73.5219493596925,18452.6532812196,5.99029112,https://api.worldbank.org/v2/
Czechia,CZE,2008,10384603,14.7818728369816,73.4655517409377,22774.7045076205,6.33855247,https://api.worldbank.org/v2/
Czechia,CZE,2009,10443936,15.1357868347276,73.4084890302159,19817.4215836554,7.2650013,https://api.worldbank.org/v2/
Czechia,CZE,2010,10474410,15.4590024087743,73.3495599222723,20160.4355077059,7.47836781,https://api.worldbank.org/v2/
Czechia,CZE,2011,10496088,15.8988256979579,73.2878338394746,22049.1080788682,7.47281456,https://api.worldbank.org/v2/
Czechia,CZE,2012,10510785,16.5000497271668,73.2249239592898,20014.0354015165,7.53974962,https://api.worldbank.org/v2/
Czechia,CZE,2013,10514272,17.0821590856387,73.1622186934979,20260.4954999375,7.44831276,https://api.worldbank.org/v2/
Czechia,CZE,2014,10525347,17.6054939584589,73.0995921041469,20038.4163180257,7.53919601,https://api.worldbank.org/v2/
Czechia,CZE,2015,10546059,18.0968797652582,73.0370442874355,17931.5987670768,7.29346752,https://api.worldbank.org/v2/
Czechia,CZE,2016,10566332,18.5951592241056,72.9745753395623,18753.9686718096,7.32258606,https://api.worldbank.org/v2/
Czechia,CZE,2017,10594438,19.085882000882,72.9121853567256,20913.197632212,7.24190664,https://api.worldbank.org/v2/
Czechia,CZE,2018,10629928,19.5315793430182,72.8498744351241,23705.9329811299,7.37173605,https://api.worldbank.org/v2/
Czechia,CZE,2019,10671870,19.9485877378936,72.7876426709563,24062.7190013343,7.48754358,https://api.worldbank.org/v2/
Czechia,CZE,2020,10697858,20.2939736426932,72.7254901604208,23472.8915454417,8.96995831,https://api.worldbank.org/v2/
Czechia,CZE,2021,10505772,20.5371541683077,72.6810594374316,27696.4619527544,9.15420723,https://api.worldbank.org/v2/
Czechia,CZE,2022,10672118,20.5183106530339,72.6967638379524,28282.2236715857,8.47063065,https://api.worldbank.org/v2/
Czechia,CZE,2023,10864042,20.5459005583495,72.7352388396817,31761.5944102491,8.42677402,https://api.worldbank.org/v2/
Czechia,CZE,2024,10905028,20.8453836809891,72.7947984592185,31827.7552539413,8.50710297,https://api.worldbank.org/v2/
Germany,DEU,2000,82211508,16.4607313825805,80.0942160905637,23925.8559901991,9.75930405,https://api.worldbank.org/v2/
Germany,DEU,2001,82349925,16.8557051631062,80.1070808273695,23878.3641471651,9.78105545,https://api.worldbank.org/v2/
Germany,DEU,2002,82488495,17.2650364693375,80.1213973750556,25486.5942008748,10.028965,https://api.worldbank.org/v2/
Germany,DEU,2003,82534176,17.7182569255381,80.1373116303862,30711.1022511331,10.22255325,https://api.worldbank.org/v2/
Germany,DEU,2004,82516260,18.2658061525647,80.1549694901257,34566.7359143735,9.97466278,https://api.worldbank.org/v2/
Germany,DEU,2005,82469422,18.8586850514415,80.1745168510383,35084.4363546269,10.1068058,https://api.worldbank.org/v2/
Germany,DEU,2006,82376451,19.4956220823608,80.1960996098884,36980.3349948954,9.96236897,https://api.worldbank.org/v2/
Germany,DEU,2007,82266372,19.9911941840778,80.2198636634402,42350.9217211489,9.83482933,https://api.worldbank.org/v2/
Germany,DEU,2008,82110097,20.2873147195182,80.2459549084581,46379.1647953479,10.03185749,https://api.worldbank.org/v2/
Germany,DEU,2009,81902307,20.5215956309191,80.2745192417062,42471.8868625226,10.97003078,https://api.worldbank.org/v2/
Germany,DEU,2010,81776930,20.5654453486144,80.305702559949,42396.9665976293,10.8311739,https://api.worldbank.org/v2/
Germany,DEU,2011,80274983,20.5214981321516,80.3405762928198,47630.9761883572,10.52106953,https://api.worldbank.org/v2/
Germany,DEU,2012,80425823,20.6376494265399,80.393447520218,44718.0159214069,10.59356213,https://api.worldbank.org/v2/
Germany,DEU,2013,80645605,20.8129761139965,80.4732318400362,47206.8353514242,10.7432127,https://api.worldbank.org/v2/
Germany,DEU,2014,80982500,20.9586686898656,80.57574023743,48959.5991203133,10.76819706,https://api.worldbank.org/v2/
Germany,DEU,2015,81686611,21.0533536816501,80.6974371632814,41929.7549110722,10.92317677,https://api.worldbank.org/v2/
Germany,DEU,2016,82348669,21.134996177657,80.8347870684725,42948.9381932694,10.97133732,https://api.worldbank.org/v2/
Germany,DEU,2017,82657002,21.2936405100178,80.9842544038853,45553.9341495339,11.05091095,https://api.worldbank.org/v2/
Germany,DEU,2018,82905782,21.4497613850113,81.1423036204018,48916.1686612154,11.18380833,https://api.worldbank.org/v2/
Germany,DEU,2019,83092962,21.6283933065816,81.3053991689039,47656.199739747,11.42805386,https://api.worldbank.org/v2/
Germany,DEU,2020,83160871,21.8447281174981,81.4700055002738,47394.8734504469,12.46780777,https://api.worldbank.org/v2/
Germany,DEU,2021,83196078,22.1345373657439,81.6325870653934,52349.2459994422,12.72403336,https://api.worldbank.org/v2/
Germany,DEU,2022,83177813,22.4589063795192,81.7867852780995,50506.5179638543,12.44708347,https://api.worldbank.org/v2/
Germany,DEU,2023,83287273,22.7900439454493,81.9034366692129,54776.7668235491,11.74428654,https://api.worldbank.org/v2/
Germany,DEU,2024,83516593,23.1955871731941,82.0211432579125,56103.7323182554,12.26655293,https://api.worldbank.org/v2/
Denmark,DNK,2000,5339616,14.8179045532594,85.0999984741211,30722.0251837567,8.11006165,https://api.worldbank.org/v2/
Denmark,DNK,2001,5358783,14.8038992854408,85.188307882087,30768.4775471112,8.44370651,https://api.worldbank.org/v2/
Denmark,DNK,2002,5375931,14.817030784647,85.3000030517578,33257.1622586509,8.69506168,https://api.worldbank.org/v2/
Denmark,DNK,2003,5390574,14.8698837174681,85.4199981689453,40519.0974905924,8.89037418,https://api.worldbank.org/v2/
Denmark,DNK,2004,5404523,14.9629722691678,85.7130276911593,46625.050098011,8.98551464,https://api.worldbank.org/v2/
Denmark,DNK,2005,5419432,15.0928272794378,86.0059706832865,48925.8076698784,9.06716251,https://api.worldbank.org/v2/
Denmark,DNK,2006,5437272,15.2481599729283,86.2501288149818,52119.1787984282,9.15257931,https://api.worldbank.org/v2/
Denmark,DNK,2007,5461438,15.4557349146506,86.4251464366349,58631.6566433635,9.30215549,https://api.worldbank.org/v2/
Denmark,DNK,2008,5493621,15.735788408074,86.583137512207,64616.6657583663,9.46797943,https://api.worldbank.org/v2/
Denmark,DNK,2009,5523095,16.1019309009513,86.7617653139929,58412.7472358513,10.62873173,https://api.worldbank.org/v2/
Denmark,DNK,2010,5547683,16.5574489274022,86.8652420043945,58104.5445594981,10.59621811,https://api.worldbank.org/v2/
Denmark,DNK,2011,5570572,17.0763558660448,87.1567653955846,61809.737898222,10.39758492,https://api.worldbank.org/v2/
Denmark,DNK,2012,5591572,17.6035443304634,87.2336196899414,58443.7747103968,10.53344631,https://api.worldbank.org/v2/
Denmark,DNK,2013,5614932,18.0533476868912,87.5436524760432,61377.5940590412,10.29778957,https://api.worldbank.org/v2/
Denmark,DNK,2014,5643475,18.4155552098464,87.6823985731907,62520.4509747011,10.31388664,https://api.worldbank.org/v2/
Denmark,DNK,2015,5683483,18.7039395633233,87.7254056577329,53094.0133607574,10.3754549,https://api.worldbank.org/v2/
Denmark,DNK,2016,5728010,18.9425702764271,87.6999969482422,54500.9260410217,10.28229332,https://api.worldbank.org/v2/
Denmark,DNK,2017,5764980,19.1822684091773,88.0161943799509,57521.5514992225,10.1137991,https://api.worldbank.org/v2/
Denmark,DNK,2018,5793636,19.4403886413888,88.1059762310689,61324.7665045565,10.14163208,https://api.worldbank.org/v2/
Denmark,DNK,2019,5814422,19.7143802297606,88.2096490810669,59404.2663247723,10.18468761,https://api.worldbank.org/v2/
Denmark,DNK,2020,5831404,20.0008145375227,88.2394485473632,60985.4885601514,10.69237614,https://api.worldbank.org/v2/
Denmark,DNK,2021,5856733,20.2481262517018,88.2616449318149,69340.7334922138,10.65575886,https://api.worldbank.org/v2/
Denmark,DNK,2022,5903037,20.4007400764725,88.3880239837703,67781.0940939514,9.47411346,https://api.worldbank.org/v2/
Denmark,DNK,2023,5946952,20.6001829312424,88.552638542867,68043.5466971243,9.5572958,https://api.worldbank.org/v2/
Denmark,DNK,2024,5976992,20.8660704666167,88.6960552688405,71026.4832271897,9.38812923,https://api.worldbank.org/v2/
Spain,ESP,2000,40567864,16.547877414587,76.1650552349602,14743.2671031455,6.80217838,https://api.worldbank.org/v2/
Spain,ESP,2001,40850412,16.8103108793461,76.3156889510385,15368.2337984435,6.76929569,https://api.worldbank.org/v2/
Spain,ESP,2002,41431558,16.9184155055798,76.4934217249538,17111.0685058941,6.79878616,https://api.worldbank.org/v2/
Spain,ESP,2003,42187645,16.8143513811509,76.709335590859,21522.0170990262,7.59223175,https://api.worldbank.org/v2/
Spain,ESP,2004,42921895,16.6200037719819,76.9549627547133,24925.0267844576,7.68447876,https://api.worldbank.org/v2/
Spain,ESP,2005,43653155,16.5458746280758,77.2206801920294,26450.9530130382,7.77807474,https://api.worldbank.org/v2/
Spain,ESP,2006,44397319,16.5359190105435,77.4968648783202,28421.686527407,7.87072468,https://api.worldbank.org/v2/
Spain,ESP,2007,45226803,16.4323340980449,77.7738937890987,32652.015594702,7.96241188,https://api.worldbank.org/v2/
Spain,ESP,2008,45954106,16.4438826004183,78.0421438998777,35603.248328071,8.4290638,https://api.worldbank.org/v2/
Spain,ESP,2009,46362946,16.624463548763,78.2919921861701,32279.8208476151,9.1530304,https://api.worldbank.org/v2/
Spain,ESP,2010,46576897,16.8924601879808,78.5138156234888,30658.7422282912,9.16992569,https://api.worldbank.org/v2/
Spain,ESP,2011,46742697,17.1687054838507,78.695397956495,31824.6219134777,9.21749687,https://api.worldbank.org/v2/
Spain,ESP,2012,46773055,17.4565170843771,78.8455680301618,28456.4438151477,9.2189045,https://api.worldbank.org/v2/
Spain,ESP,2013,46604197,17.850818523935,78.9858086902112,29228.846559842,9.13714981,https://api.worldbank.org/v2/
Spain,ESP,2014,46460733,18.2556448430349,79.1196713833488,29707.765509467,9.1512289,https://api.worldbank.org/v2/
Spain,ESP,2015,46422303,18.5417546078088,79.2454892743023,25982.4416197775,9.17553329,https://api.worldbank.org/v2/
Spain,ESP,2016,46458139,18.7673388766097,79.3615955277997,26755.6061149398,8.88084984,https://api.worldbank.org/v2/
Spain,ESP,2017,46571232,18.9928200430073,79.4663233085683,28381.3425596906,9.0217495,https://api.worldbank.org/v2/
Spain,ESP,2018,46782011,19.2023408408683,79.5580057813361,30602.4212881113,9.07122517,https://api.worldbank.org/v2/
Spain,ESP,2019,47118501,19.3818276285973,79.6349761108307,29786.5245689007,9.21539497,https://api.worldbank.org/v2/
Spain,ESP,2020,47359424,19.5596160856506,79.6955674617799,27233.9426461608,10.79479218,https://api.worldbank.org/v2/
Spain,ESP,2021,47443821,19.8133822943511,79.7846242983598,30799.4775937775,10.34419918,https://api.worldbank.org/v2/
Spain,ESP,2022,47786102,20.1879992491906,79.9548794567814,30319.4987196616,9.6799593,https://api.worldbank.org/v2/
Spain,ESP,2023,48352528,20.6537075238774,80.128491001856,33493.2225409111,9.2206583,https://api.worldbank.org/v2/
Spain,ESP,2024,48848840,21.1454438932121,80.315199821207,35326.7683069278,,https://api.worldbank.org/v2/
Estonia,EST,2000,1396985,14.9933750752507,67.385529072627,4070.60902410208,5.17029095,https://api.worldbank.org/v2/
Estonia,EST,2001,1388115,15.2882046634728,67.3926456349791,4502.66614992392,4.78399181,https://api.worldbank.org/v2/
Estonia,EST,2002,1379350,15.647710838133,67.4090870965661,5343.18310760735,4.70192671,https://api.worldbank.org/v2/
Estonia,EST,2003,1370720,16.0261881314513,67.4341760348669,7205.40703313243,5.13748884,https://api.worldbank.org/v2/
Estonia,EST,2004,1362550,16.3887820729212,67.467351453949,8916.0728274602,5.33641052,https://api.worldbank.org/v2/
Estonia,EST,2005,1354775,16.7234688774936,67.5080523578799,10414.6381183565,5.29434633,https://api.worldbank.org/v2/
Estonia,EST,2006,1346810,17.0809882539691,67.5557177507269,12641.4800976473,4.97308683,https://api.worldbank.org/v2/
Estonia,EST,2007,1340680,17.3721726152183,67.6097866365576,16745.4308011148,5.18429422,https://api.worldbank.org/v2/
Estonia,EST,2008,1337090,17.4424900940412,67.6696980194394,18205.9064113446,5.95694113,https://api.worldbank.org/v2/
Estonia,EST,2009,1334515,17.4326363206181,67.7348909034398,14712.4494217916,6.84443808,https://api.worldbank.org/v2/
Estonia,EST,2010,1331475,17.4402915321171,67.8048042926262,14663.7041018705,6.59404182,https://api.worldbank.org/v2/
Estonia,EST,2011,1327439,17.571641400301,67.8775556334506,17555.5455239426,6.05471659,https://api.worldbank.org/v2/
Estonia,EST,2012,1322696,17.8628188378184,67.9629593320316,17568.2137969714,6.03782082,https://api.worldbank.org/v2/
Estonia,EST,2013,1317997,18.1984559754977,68.0923458296768,19310.3874900757,6.19788504,https://api.worldbank.org/v2/
Estonia,EST,2014,1314545,18.5609288129198,68.2668382808032,20581.7898991695,6.26286125,https://api.worldbank.org/v2/
Estonia,EST,2015,1315407,18.88875196261,68.4796609690553,17722.1557669523,6.52138662,https://api.worldbank.org/v2/
Estonia,EST,2016,1315790,19.186016024635,68.724038178078,18666.3736521706,6.56918621,https://api.worldbank.org/v2/
Estonia,EST,2017,1317384,19.4674154002753,68.9931941915158,20851.5223496861,6.46636105,https://api.worldbank.org/v2/
Estonia,EST,2018,1321977,19.6754905294355,69.2803532930133,23618.1361254581,6.56314421,https://api.worldbank.org/v2/
Estonia,EST,2019,1326898,19.8965346883511,69.5787397662154,24021.2501413306,6.64763546,https://api.worldbank.org/v2/
Estonia,EST,2020,1329522,20.2000948355964,69.8815778947665,23933.9939421065,7.47179365,https://api.worldbank.org/v2/
Estonia,EST,2021,1330932,20.4337977975588,70.1777274135822,27951.1659277744,7.47591066,https://api.worldbank.org/v2/
Estonia,EST,2022,1348840,20.6300461857585,70.4892333736738,28340.3826549406,6.93641424,https://api.worldbank.org/v2/
Estonia,EST,2023,1370286,20.9140825455897,70.6770085523126,30264.0064885057,7.47082138,https://api.worldbank.org/v2/
Estonia,EST,2024,1372341,21.2973321004949,70.6981161541961,31428.3547816104,7.83648062,https://api.worldbank.org/v2/
Finland,FIN,2000,5176209,14.9164594925449,67.1227685349539,24335.9225082659,7.09544373,https://api.worldbank.org/v2/
Finland,FIN,2001,5188008,15.0767515855428,67.4982392821958,24965.202996776,7.25165653,https://api.worldbank.org/v2/
Finland,FIN,2002,5200598,15.2453992330805,67.7951641569199,26989.389260959,7.63005877,https://api.worldbank.org/v2/
Finland,FIN,2003,5213014,15.4567323140138,68.0425549126858,32920.0857192568,7.93988276,https://api.worldbank.org/v2/
Finland,FIN,2004,5228172,15.722183075154,68.2766596767133,37768.1334202029,8.05999184,https://api.worldbank.org/v2/
Finland,FIN,2005,5246096,15.9351969717591,68.5140529517604,39049.8703780223,8.28901291,https://api.worldbank.org/v2/
Finland,FIN,2006,5266268,16.2327000834465,68.7588279849327,41214.0187765069,8.2858429,https://api.worldbank.org/v2/
Finland,FIN,2007,5288720,16.4860618184775,69.0200377316963,48473.0240091455,8.08415604,https://api.worldbank.org/v2/
Finland,FIN,2008,5313399,16.629047778842,69.2943672196361,53769.4726240385,8.34362221,https://api.worldbank.org/v2/
Finland,FIN,2009,5338871,16.8796258150036,69.546259966947,47478.3495310999,9.16182804,https://api.worldbank.org/v2/
Finland,FIN,2010,5363352,17.2594164785613,69.7855798796947,46506.2919016566,9.14183331,https://api.worldbank.org/v2/
Finland,FIN,2011,5388272,17.8213910625007,70.0583261874252,51060.3242589767,9.23903561,https://api.worldbank.org/v2/
Finland,FIN,2012,5413971,18.4499585932434,70.3661363168712,47551.6740841369,9.61732101,https://api.worldbank.org/v2/
Finland,FIN,2013,5438972,19.0733570715343,70.6742118159277,49691.0145200739,9.84504986,https://api.worldbank.org/v2/
Finland,FIN,2014,5461512,19.6661048130943,70.9879168940753,50073.7760815871,9.83066177,https://api.worldbank.org/v2/
Finland,FIN,2015,5479531,20.2090618722589,71.3054930040604,42560.3456767103,9.69998264,https://api.worldbank.org/v2/
Finland,FIN,2016,5495303,20.6838033296157,71.6158383428171,43451.2562442158,9.45625591,https://api.worldbank.org/v2/
Finland,FIN,2017,5508214,21.1457473282604,71.9563038312956,46085.0174739036,9.19148445,https://api.worldbank.org/v2/
Finland,FIN,2018,5515525,21.6154814502107,72.3423467740343,49654.2497035329,9.10587025,https://api.worldbank.org/v2/
Finland,FIN,2019,5521606,22.061393842071,72.7431214358314,48358.1807773701,9.22295189,https://api.worldbank.org/v2/
Finland,FIN,2020,5529543,22.4906828905898,73.0849439791673,48828.6846862799,9.69977188,https://api.worldbank.org/v2/
Finland,FIN,2021,5541017,22.8749565743109,73.3710215780329,53099.1351400148,9.90969753,https://api.worldbank.org/v2/
Finland,FIN,2022,5556106,23.2287672110978,73.6967597835949,50440.560224974,9.74152565,https://api.worldbank.org/v2/
Finland,FIN,2023,5583911,23.5778747195571,74.0062548602828,52864.6931581216,10.47389507,https://api.worldbank.org/v2/
Finland,FIN,2024,5619911,23.8972369428395,74.2637190463636,53155.5451165897,,https://api.worldbank.org/v2/
France,FRA,2000,60918661,16.0086458283083,76.5143983146093,22340.5939516217,9.61744022,https://api.worldbank.org/v2/
France,FRA,2001,61364377,16.1191468960649,76.9074413607811,22331.7948343036,9.75719261,https://api.worldbank.org/v2/
France,FRA,2002,61812142,16.2151106246385,77.2543866607525,24144.5727019529,10.08250141,https://api.worldbank.org/v2/
France,FRA,2003,62249855,16.2833219150672,77.4691216035138,29479.5222101175,10.13474941,https://api.worldbank.org/v2/
France,FRA,2004,62707588,16.3656994827148,77.4900500011961,33644.9282220364,10.2117033,https://api.worldbank.org/v2/
France,FRA,2005,63180854,16.4377318294942,77.4363315105438,34696.3718316971,10.23720551,https://api.worldbank.org/v2/
France,FRA,2006,63622342,16.4417997065665,77.3467240068648,36431.5658906555,10.39764977,https://api.worldbank.org/v2/
France,FRA,2007,64016890,16.4622881383827,77.2457976606157,41486.1907828787,10.33418846,https://api.worldbank.org/v2/
France,FRA,2008,64375116,16.5489941970548,77.1561901569367,45464.8181385158,10.51340675,https://api.worldbank.org/v2/
France,FRA,2009,64706436,16.6603292280856,77.1005391809676,41728.0884164132,11.29095459,https://api.worldbank.org/v2/
France,FRA,2010,65026211,16.7822818238459,77.0962844808803,40694.8211697025,11.22430801,https://api.worldbank.org/v2/
France,FRA,2011,65340830,17.0554720144704,77.1182717387509,43929.7840873812,11.17601013,https://api.worldbank.org/v2/
France,FRA,2012,65657659,17.4830959695717,77.1669464919916,40863.5814412333,11.33749485,https://api.worldbank.org/v2/
France,FRA,2013,65997932,17.9295780155891,77.2440721470918,42669.1795111893,11.37891197,https://api.worldbank.org/v2/
France,FRA,2014,66312067,18.387873214191,77.3524296788613,43148.0459288416,11.57935429,https://api.worldbank.org/v2/
France,FRA,2015,66548272,18.8516269618174,77.7610919150066,36702.4323733379,11.50032997,https://api.worldbank.org/v2/
France,FRA,2016,66724104,19.2846641669454,78.5999114705779,37024.2157133669,11.57036018,https://api.worldbank.org/v2/
France,FRA,2017,66918020,19.6708486830069,78.6467804026368,38687.1626407164,11.44944572,https://api.worldbank.org/v2/
France,FRA,2018,67158348,20.0394210628073,78.6714432536599,41418.1766484844,11.30847645,https://api.worldbank.org/v2/
France,FRA,2019,67382061,20.4100888765873,78.6890784549356,40408.2848574751,11.17058277,https://api.worldbank.org/v2/
France,FRA,2020,67601110,20.747440901072,78.7119131765249,39169.8606000707,12.12949371,https://api.worldbank.org/v2/
France,FRA,2021,67842811,21.0507539717053,78.7364603392338,43725.0999521245,12.24894238,https://api.worldbank.org/v2/
France,FRA,2022,68184457,21.3773491158756,78.7591921123356,40988.6396406579,11.82888794,https://api.worldbank.org/v2/
France,FRA,2023,68372286,21.7491423914771,78.7804323126547,44700.1384177544,11.51974583,https://api.worldbank.org/v2/
France,FRA,2024,68551653,22.1465618989138,78.7999750964116,46103.0840855884,11.53530598,https://api.worldbank.org/v2/
Greece,GRC,2000,10805808,17.0253560470145,72.665642910984,11638.2010697215,7.51388931,https://api.worldbank.org/v2/
Greece,GRC,2001,10862132,17.2643804550213,72.8460703788502,12156.9572824221,8.24545956,https://api.worldbank.org/v2/
Greece,GRC,2002,10902022,17.5345403019967,73.0977109642516,13782.195640943,8.46998692,https://api.worldbank.org/v2/
Greece,GRC,2003,10928070,17.8326525756216,73.432268024093,18020.612039764,8.68253994,https://api.worldbank.org/v2/
Greece,GRC,2004,10955141,18.1032230996581,73.8267602923728,21449.2552764245,8.30002213,https://api.worldbank.org/v2/
Greece,GRC,2005,10987314,18.324814559179,74.2617376694311,22054.1315756886,8.76117897,https://api.worldbank.org/v2/
Greece,GRC,2006,11020362,18.489341535326,74.717750055608,24416.0232970275,8.39596939,https://api.worldbank.org/v2/
Greece,GRC,2007,11048473,18.6048300174461,75.1753473512439,28440.7625328955,8.52304935,https://api.worldbank.org/v2/
Greece,GRC,2008,11077841,18.7114015581294,75.615079456679,31695.8331092209,8.948102,https://api.worldbank.org/v2/
Greece,GRC,2009,11107017,18.8829939749204,76.0174962722535,29425.4573200263,9.53581333,https://api.worldbank.org/v2/
Greece,GRC,2010,11121341,19.1578896272878,76.3631476983077,26653.0488008626,9.61952496,https://api.worldbank.org/v2/
Greece,GRC,2011,11104899,19.5073861649055,76.6352609929407,25504.7866510124,9.18577003,https://api.worldbank.org/v2/
Greece,GRC,2012,11045011,19.8890960349321,76.8679797449322,21624.346052551,9.04327774,https://api.worldbank.org/v2/
Greece,GRC,2013,10965211,20.2915184129021,77.0951999650171,21573.3449762805,8.52183914,https://api.worldbank.org/v2/
Greece,GRC,2014,10892413,20.6970672852563,77.3130486275866,21474.7257123892,7.94358587,https://api.worldbank.org/v2/
Greece,GRC,2015,10820883,21.0794802004731,77.5194426317545,17980.7298238137,8.26719952,https://api.worldbank.org/v2/
Greece,GRC,2016,10775971,21.3988876993596,77.7122988766348,17919.2426377048,8.45097542,https://api.worldbank.org/v2/
Greece,GRC,2017,10754679,21.6563374262051,77.8895342613411,18631.9930129293,8.11336899,https://api.worldbank.org/v2/
Greece,GRC,2018,10732882,21.8966337548395,78.0490656849874,19873.4015238771,8.07267761,https://api.worldbank.org/v2/
Greece,GRC,2019,10721582,22.1273853041386,78.1888100466875,19335.3602002969,8.11709499,https://api.worldbank.org/v2/
Greece,GRC,2020,10698599,22.3934327342108,78.3066842455552,17886.733165236,9.38074493,https://api.worldbank.org/v2/
Greece,GRC,2021,10570130,22.8389533365326,78.3884898647442,20652.89659591,9.03178692,https://api.worldbank.org/v2/
Greece,GRC,2022,10437805,23.2281742678017,78.5502190980809,20884.6773436263,8.44938278,https://api.worldbank.org/v2/
Greece,GRC,2023,10407351,23.4829980176041,78.7746303842088,23343.7103964562,8.39367008,https://api.worldbank.org/v2/
Greece,GRC,2024,10405134,23.939763430194,78.9967856500534,24626.1481858973,,https://api.worldbank.org/v2/
Croatia,HRV,2000,4468302,15.916732940686,55.6818319251231,4953.57515008131,7.65084314,https://api.worldbank.org/v2/
Croatia,HRV,2001,4299642,16.3137839160889,55.6913829056559,5364.88188501029,7.16995239,https://api.worldbank.org/v2/
Croatia,HRV,2002,4302174,16.6629681510778,55.6745468592554,6219.56093667781,6.14300489,https://api.worldbank.org/v2/
Croatia,HRV,2003,4303399,16.9764059882703,55.6386960202113,8189.99059314699,6.29782534,https://api.worldbank.org/v2/
Croatia,HRV,2004,4304600,17.2401724293341,55.5890878734365,9718.92771524605,6.5067997,https://api.worldbank.org/v2/
Croatia,HRV,2005,4310145,17.4721125391927,55.5307217475444,10443.4484003498,6.84068108,https://api.worldbank.org/v2/
Croatia,HRV,2006,4311159,17.6497173177626,55.4685969711483,11501.2327422844,6.90362167,https://api.worldbank.org/v2/
Croatia,HRV,2007,4310217,17.8090501185775,55.4077128728613,13755.8149054063,7.38946152,https://api.worldbank.org/v2/
Croatia,HRV,2008,4309705,17.9300058255278,55.3530687812969,15888.1184388903,7.63643503,https://api.worldbank.org/v2/
Croatia,HRV,2009,4305181,17.9445430208648,55.3096640250682,14474.52513863,8.03311729,https://api.worldbank.org/v2/
Croatia,HRV,2010,4295427,17.8775514569316,55.2824979327886,13729.7472872883,7.94908857,https://api.worldbank.org/v2/
Croatia,HRV,2011,4280622,17.9482034299939,55.2773793281248,14691.591757962,7.62508154,https://api.worldbank.org/v2/
Croatia,HRV,2012,4260368,18.2004685581559,55.3042888624873,13507.6349882758,7.63413,https://api.worldbank.org/v2/
Croatia,HRV,2013,4233922,18.4765925399494,55.3659479687433,14135.0903485872,6.37271595,https://api.worldbank.org/v2/
Croatia,HRV,2014,4201598,18.8122396153648,55.4591834926844,14186.7712230471,6.56612396,https://api.worldbank.org/v2/
Croatia,HRV,2015,4151725,19.2311236257324,55.5812594509004,12283.8750299177,6.65548038,https://api.worldbank.org/v2/
Croatia,HRV,2016,4106867,19.6581193481792,55.7294398599808,12820.1872746645,6.69167471,https://api.worldbank.org/v2/
Croatia,HRV,2017,4041407,20.1354432241616,55.9009887365155,13901.6498657787,6.62803125,https://api.worldbank.org/v2/
Croatia,HRV,2018,3988775,20.6682803013664,56.093170097094,15460.4560798984,6.7136178,https://api.worldbank.org/v2/
Croatia,HRV,2019,3949390,21.1822163945349,56.303247958306,15563.7354996625,6.78699923,https://api.worldbank.org/v2/
Croatia,HRV,2020,3914206,21.6661760190675,56.5284863367411,14807.5559227544,7.68352938,https://api.worldbank.org/v2/
Croatia,HRV,2021,3878981,22.1006673274542,56.7683502560171,17788.7601163765,8.08265686,https://api.worldbank.org/v2/
Croatia,HRV,2022,3855641,22.4847051223347,56.9977571733605,18465.531473659,7.29636335,https://api.worldbank.org/v2/
Croatia,HRV,2023,3859686,22.815365461733,57.2431560672198,22183.4982258492,7.14699411,https://api.worldbank.org/v2/
Croatia,HRV,2024,3866200,23.1877713482095,57.5158981711443,24049.9441746337,,https://api.worldbank.org/v2/
Hungary,HUN,2000,10210971,14.9079600272781,64.2602344392211,4629.91760812548,6.76979256,https://api.worldbank.org/v2/
Hungary,HUN,2001,10187576,15.0282982957088,64.646880283041,5280.94887987063,6.8197937,https://api.worldbank.org/v2/
Hungary,HUN,2002,10158608,15.1445305011888,65.0400009155273,6658.04494326809,7.1181159,https://api.worldbank.org/v2/
Hungary,HUN,2003,10129552,15.2593891183497,64.8452987670898,8410.09248198479,8.12986469,https://api.worldbank.org/v2/
Hungary,HUN,2004,10107146,15.3777428066872,65.0225372314453,10291.2694721409,7.76592064,https://api.worldbank.org/v2/
Hungary,HUN,2005,10087065,15.5256869215135,66.1261367797852,11212.2046968994,7.99248505,https://api.worldbank.org/v2/
Hungary,HUN,2006,10071370,15.6863377235075,67.0155868530273,11478.4891640501,7.78556442,https://api.worldbank.org/v2/
Hungary,HUN,2007,10055780,15.8737698114172,67.0041656494141,13934.605460375,7.20719147,https://api.worldbank.org/v2/
Hungary,HUN,2008,10038188,16.0784880624344,68.0976986078883,15762.6322515113,7.09275723,https://api.worldbank.org/v2/
Hungary,HUN,2009,10022650,16.3035583696567,68.4592590332031,13051.1831777184,7.2366724,https://api.worldbank.org/v2/
Hungary,HUN,2010,10000023,16.4983294883917,69.5305480957031,13189.8433874768,7.46420383,https://api.worldbank.org/v2/
Hungary,HUN,2011,9971727,16.702614184748,69.4779934082031,14211.460557822,7.49342251,https://api.worldbank.org/v2/
Hungary,HUN,2012,9920362,16.9920445700114,69.5772326660156,12950.1594488143,7.43047714,https://api.worldbank.org/v2/
Hungary,HUN,2013,9872734,17.3215490022521,69.9277636266638,13739.4620151401,7.23645353,https://api.worldbank.org/v2/
Hungary,HUN,2014,9833038,17.6863017779257,70.3071053512008,14352.501883174,7.04192352,https://api.worldbank.org/v2/
Hungary,HUN,2015,9797755,18.0559904650891,70.4847717285156,12782.9412577973,6.8501935,https://api.worldbank.org/v2/
Hungary,HUN,2016,9759755,18.4382661409188,70.4733810424805,13215.8605277789,6.96752644,https://api.worldbank.org/v2/
Hungary,HUN,2017,9726756,18.7797493757284,70.4542541503906,14736.1668157258,6.73338366,https://api.worldbank.org/v2/
Hungary,HUN,2018,9706964,19.1292329288769,70.4711761474609,16605.0570511887,6.55460501,https://api.worldbank.org/v2/
Hungary,HUN,2019,9694824,19.6029229874294,70.4565277099609,17012.8598553199,6.24677849,https://api.worldbank.org/v2/
Hungary,HUN,2020,9670419,20.0906737724303,70.2917327880859,16386.9308821258,7.230515,https://api.worldbank.org/v2/
Hungary,HUN,2021,9630932,20.4050134893418,70.2059275331413,19030.628130329,7.33524847,https://api.worldbank.org/v2/
Hungary,HUN,2022,9605074,20.6075593133653,70.1585064243445,18428.028825614,6.6474123,https://api.worldbank.org/v2/
Hungary,HUN,2023,9592186,20.819084281895,70.2923026891431,22208.6509820466,6.36868954,https://api.worldbank.org/v2/
Hungary,HUN,2024,9562065,20.9931972318078,70.491825943218,23305.4482514359,,https://api.worldbank.org/v2/
Ireland,IRL,2000,3805174,11.1884415470003,59.1247997891425,26334.5672050501,5.8990283,https://api.worldbank.org/v2/
Ireland,IRL,2001,3866243,11.1405544060403,59.3763923617156,28282.409882073,6.39249372,https://api.worldbank.org/v2/
Ireland,IRL,2002,3931947,11.1021211202504,59.6367259990731,32705.4345565698,6.67263031,https://api.worldbank.org/v2/
Ireland,IRL,2003,3996521,11.0840647293282,59.9120142632573,41203.5295847568,7.00761414,https://api.worldbank.org/v2/
Ireland,IRL,2004,4070262,11.078943779667,60.1994750854288,47754.2023194244,7.21972942,https://api.worldbank.org/v2/
Ireland,IRL,2005,4159914,11.0134951064717,60.4882988006461,50933.0216095589,7.64242792,https://api.worldbank.org/v2/
Ireland,IRL,2006,4273591,10.8715785725539,60.7703677431593,54329.1618599624,7.51646996,https://api.worldbank.org/v2/
Ireland,IRL,2007,4398942,10.7786980486913,61.0601979374234,61396.417461176,7.80773735,https://api.worldbank.org/v2/
Ireland,IRL,2008,4489544,10.8486525689537,61.3581903884996,61353.1065629523,9.12564754,https://api.worldbank.org/v2/
Ireland,IRL,2009,4535375,11.0745691427321,61.6421022728798,52133.0906162544,10.52275753,https://api.worldbank.org/v2/
Ireland,IRL,2010,4560155,11.378359230371,61.8910689348512,48623.9666422487,10.52062798,https://api.worldbank.org/v2/
Ireland,IRL,2011,4580084,11.7171523074328,62.0872735820277,52613.8540355689,10.4888649,https://api.worldbank.org/v2/
Ireland,IRL,2012,4599533,12.0822402487581,62.2529318511038,49335.8408099555,10.47466946,https://api.worldbank.org/v2/
Ireland,IRL,2013,4623816,12.4475140098686,62.4047157756118,52537.6108648692,10.0333004,https://api.worldbank.org/v2/
Ireland,IRL,2014,4657740,12.7951907142582,62.535401730577,57214.5379785709,9.23077869,https://api.worldbank.org/v2/
Ireland,IRL,2015,4701957,13.1102542122923,62.6392123492764,64250.1385181257,7.07827806,https://api.worldbank.org/v2/
Ireland,IRL,2016,4762722,13.3920921055483,62.7229399123734,64129.5571542383,7.3382206,https://api.worldbank.org/v2/
Ireland,IRL,2017,4827445,13.6720454120936,62.9035196521232,72161.4047531385,6.91718578,https://api.worldbank.org/v2/
Ireland,IRL,2018,4898022,13.9535917035732,63.0844503476779,80804.1123164826,6.74710846,https://api.worldbank.org/v2/
Ireland,IRL,2019,4976456,14.2437778846663,63.2737009154127,81827.6688873996,6.61860561,https://api.worldbank.org/v2/
Ireland,IRL,2020,5039747,14.5621473419585,63.4713366724915,86514.0706108754,6.97323275,https://api.worldbank.org/v2/
Ireland,IRL,2021,5110585,14.8535759354494,63.6774229356985,103783.446284479,6.44113493,https://api.worldbank.org/v2/
Ireland,IRL,2022,5212836,15.16194031114,63.8920250215059,105190.685952731,6.02078247,https://api.worldbank.org/v2/
Ireland,IRL,2023,5311538,15.5417068369309,64.1152082461268,106818.917130804,6.57538509,https://api.worldbank.org/v2/
Ireland,IRL,2024,5395790,15.8920783803289,64.3470379255585,112894.953240805,6.85410833,https://api.worldbank.org/v2/
Iceland,ISL,2000,281205,11.5722767349261,91.9674192031642,32503.578963236,8.89924335,https://api.worldbank.org/v2/
Iceland,ISL,2001,284968,11.5992668017295,92.0452304560359,29208.1981853568,8.75266171,https://api.worldbank.org/v2/
Iceland,ISL,2002,287523,11.6676576022141,92.1674022598912,32749.379004627,9.40382481,https://api.worldbank.org/v2/
Iceland,ISL,2003,289521,11.7252809861708,92.3235559316863,39944.2104095591,9.72930241,https://api.worldbank.org/v2/
Iceland,ISL,2004,292074,11.7569142464023,92.4377293375354,47809.6073050042,9.32854366,https://api.worldbank.org/v2/
Iceland,ISL,2005,296734,11.7210095187722,92.377441015064,57783.7745608117,8.94694996,https://api.worldbank.org/v2/
Iceland,ISL,2006,303782,11.6173150713783,92.1949009038813,58172.1426656622,8.55709076,https://api.worldbank.org/v2/
Iceland,ISL,2007,311566,11.5446630119316,92.3614571703229,70483.0117228535,8.3535862,https://api.worldbank.org/v2/
Iceland,ISL,2008,317414,11.5783688618945,93.0646442174216,57489.3399795216,8.34370804,https://api.worldbank.org/v2/
Iceland,ISL,2009,318499,11.8021292355592,93.4441340553707,41483.7843682814,8.77518463,https://api.worldbank.org/v2/
Iceland,ISL,2010,318041,12.1351655466781,93.4588348107886,43776.4677400475,8.36173058,https://api.worldbank.org/v2/
Iceland,ISL,2011,319014,12.4507656586356,93.41106112427,48254.953927254,8.25498867,https://api.worldbank.org/v2/
Iceland,ISL,2012,320716,12.7719224973156,93.514892578125,46594.9869146614,8.23091221,https://api.worldbank.org/v2/
Iceland,ISL,2013,323764,13.0702053657851,93.6166725158692,50173.3360061057,8.22651291,https://api.worldbank.org/v2/
Iceland,ISL,2014,327386,13.3619327506584,93.6196716315805,55140.364935793,8.29044247,https://api.worldbank.org/v2/
Iceland,ISL,2015,330815,13.679345765165,93.727919768566,53505.6964079339,8.13121986,https://api.worldbank.org/v2/
Iceland,ISL,2016,335439,13.9213912898367,93.7822647094726,62854.0906407932,8.15569115,https://api.worldbank.org/v2/
Iceland,ISL,2017,343400,14.0228770869629,93.7718982310092,72976.3729990975,8.3243084,https://api.worldbank.org/v2/
Iceland,ISL,2018,352721,14.1209962193995,93.8526667025487,75633.8651351915,8.43817616,https://api.worldbank.org/v2/
Iceland,ISL,2019,360563,14.299299000969,93.9770847416131,69296.3144361601,8.63996315,https://api.worldbank.org/v2/
Iceland,ISL,2020,366463,14.5643646996569,94.1367102874722,60127.9393575616,9.64908886,https://api.worldbank.org/v2/
Iceland,ISL,2021,372520,14.8686344991929,94.2108206403841,70425.4064277273,9.72073746,https://api.worldbank.org/v2/
Iceland,ISL,2022,382003,15.1109948456115,94.1787071228028,76376.9599334915,9.08145332,https://api.worldbank.org/v2/
Iceland,ISL,2023,385663,15.3483031550157,94.1518261784801,82201.2908518078,8.70510101,https://api.worldbank.org/v2/
Iceland,ISL,2024,386506,15.6448154592516,94.1819039916522,85863.1479330343,8.98358727,https://api.worldbank.org/v2/
Italy,ITA,2000,56942108,18.2167668390368,67.1932283786243,20190.0035636084,7.54701233,https://api.worldbank.org/v2/
Italy,ITA,2001,56976981,18.5127619063707,67.27519882288,20570.4385917862,7.71115828,https://api.worldbank.org/v2/
Italy,ITA,2002,57089824,18.7987896858146,67.3538786566538,22451.3964379368,7.83638906,https://api.worldbank.org/v2/
Italy,ITA,2003,57399184,19.0525655493978,67.4299414611787,27577.5700319855,7.80670929,https://api.worldbank.org/v2/
Italy,ITA,2004,57828179,19.329212127098,67.5072499739908,31348.1901841445,8.13726902,https://api.worldbank.org/v2/
Italy,ITA,2005,58166682,19.6352354411702,67.5897169318419,32062.723833669,8.30906773,https://api.worldbank.org/v2/
Italy,ITA,2006,58399861,19.9355953277602,67.6812550714834,33537.1286994269,8.39791012,https://api.worldbank.org/v2/
Italy,ITA,2007,58756247,20.1236179704111,67.7857771296669,37826.1754554823,8.10167217,https://api.worldbank.org/v2/
Italy,ITA,2008,59211181,20.2043389169453,67.9071958431441,40828.5795580937,8.50157547,https://api.worldbank.org/v2/
Italy,ITA,2009,59555454,20.3135164047155,68.0494239486665,37099.6133958219,8.91290951,https://api.worldbank.org/v2/
Italy,ITA,2010,59819407,20.4589612100469,68.2163741829857,35856.8625485539,8.87928963,https://api.worldbank.org/v2/
Italy,ITA,2011,60026841,20.6879338870931,68.4015073889511,38432.3742820019,8.728508,https://api.worldbank.org/v2/
Italy,ITA,2012,60191247,20.9966444751961,68.7608794235259,34854.3949441965,8.7983427,https://api.worldbank.org/v2/
Italy,ITA,2013,60311613,21.330672420342,69.3073989916076,35701.6746002376,8.7897644,https://api.worldbank.org/v2/
Italy,ITA,2014,60320707,21.6978740078895,69.5807638614879,36028.3494022349,8.85913563,https://api.worldbank.org/v2/
Italy,ITA,2015,60229605,22.0285256126439,69.6100006103516,30639.8829751432,8.84596729,https://api.worldbank.org/v2/
Italy,ITA,2016,60115223,22.3095886391617,69.5969232525286,31391.5692898108,8.72043991,https://api.worldbank.org/v2/
Italy,ITA,2017,60002252,22.558669089969,69.5180784259382,32844.115660604,8.69060516,https://api.worldbank.org/v2/
Italy,ITA,2018,59877221,22.8062143288843,69.4800033569336,35062.3364176949,8.65467453,https://api.worldbank.org/v2/
Italy,ITA,2019,59729081,23.104171093177,69.5050010681153,33812.788724868,8.61536789,https://api.worldbank.org/v2/
Italy,ITA,2020,59438851,23.379233231567,69.5187492370606,32091.4866621366,9.5643034,https://api.worldbank.org/v2/
Italy,ITA,2021,59133173,23.6619735523658,69.4812507629394,36852.5425414951,9.28164482,https://api.worldbank.org/v2/
Italy,ITA,2022,59013667,23.929189689659,69.4839779766539,35653.9042103495,8.85022926,https://api.worldbank.org/v2/
Italy,ITA,2023,58984216,24.2187831541913,69.5381540123301,39279.699782164,8.40559483,https://api.worldbank.org/v2/
Italy,ITA,2024,58952704,24.624776723376,69.6047535143071,40429.6224047352,8.44437313,https://api.worldbank.org/v2/
Liechtenstein,LIE,2000,32645,10.4339685319965,14.9899997711182,76087.911114202,,https://api.worldbank.org/v2/
Liechtenstein,LIE,2001,33194,10.5086114101184,14.8957603808328,75067.8001680043,,https://api.worldbank.org/v2/
Liechtenstein,LIE,2002,33694,10.7046010224494,14.8086674998164,79795.1785891101,,https://api.worldbank.org/v2/
Liechtenstein,LIE,2003,34079,10.9277745155608,14.7291064332791,90108.3673647008,,https://api.worldbank.org/v2/
Liechtenstein,LIE,2004,34447,11.160707794757,14.6574624864307,100280.831356705,,https://api.worldbank.org/v2/
Liechtenstein,LIE,2005,34753,11.4613510903561,14.594120964481,105295.057027611,,https://api.worldbank.org/v2/
Liechtenstein,LIE,2006,35037,11.8325685122443,14.5394671726401,114167.939211301,,https://api.worldbank.org/v2/
Liechtenstein,LIE,2007,35262,12.2537330380969,14.4938864161177,130492.595349517,,https://api.worldbank.org/v2/
Liechtenstein,LIE,2008,35473,12.7583336860073,14.4577640001239,143249.227302093,,https://api.worldbank.org/v2/
Liechtenstein,LIE,2009,35742,13.332586723409,14.4314852298684,126024.714567466,,https://api.worldbank.org/v2/
Liechtenstein,LIE,2010,36022,13.8311318527161,14.4154354105611,141089.812849014,,https://api.worldbank.org/v2/
Liechtenstein,LIE,2011,36312,14.2612939246474,14.4099998474121,158066.369379163,,https://api.worldbank.org/v2/
Liechtenstein,LIE,2012,36657,14.7654766296403,14.4124545370445,148842.035144342,,https://api.worldbank.org/v2/
Liechtenstein,LIE,2013,36984,15.3657545380656,14.4201755971624,172823.607794648,5.7494297,https://api.worldbank.org/v2/
Liechtenstein,LIE,2014,37248,15.9031281533804,14.4336985145967,178735.153020908,5.63615656,https://api.worldbank.org/v2/
Liechtenstein,LIE,2015,37494,16.370320855615,14.4535587761782,167187.15730982,5.75139189,https://api.worldbank.org/v2/
Liechtenstein,LIE,2016,37716,16.864282865878,14.4802918687379,165375.491396259,5.85200214,https://api.worldbank.org/v2/
Liechtenstein,LIE,2017,37962,17.3749356019075,14.5144332791067,170547.092298954,5.67968512,https://api.worldbank.org/v2/
Liechtenstein,LIE,2018,38246,17.855409995148,14.5565184941154,174988.775083446,5.54688025,https://api.worldbank.org/v2/
Liechtenstein,LIE,2019,38563,18.2791363163372,14.6070830005951,166907.839305016,5.78483772,https://api.worldbank.org/v2/
Liechtenstein,LIE,2020,38901,18.6550416591431,14.6666622853765,164671.093553454,6.05532694,https://api.worldbank.org/v2/
Liechtenstein,LIE,2021,39182,19.0797561725233,14.6989159370696,201944.830335076,5.38460207,https://api.worldbank.org/v2/
Liechtenstein,LIE,2022,39493,19.6263702724012,14.6923070071538,188055.003235348,5.64409113,https://api.worldbank.org/v2/
Liechtenstein,LIE,2023,39846,20.1626344764887,14.6783761234077,206780.590353385,5.71460724,https://api.worldbank.org/v2/
Liechtenstein,LIE,2024,40450,20.7261098570354,14.657584904886,220167.225473557,,https://api.worldbank.org/v2/
Lithuania,LTU,2000,3499536,13.8409816929598,66.9768374826555,3300.63634928559,6.18559313,https://api.worldbank.org/v2/
Lithuania,LTU,2001,3470818,14.2439657426251,66.9286097501613,3532.52787363242,6.00193262,https://api.worldbank.org/v2/
Lithuania,LTU,2002,3443067,14.7285151596935,66.8887100219727,4148.13091485015,6.13477659,https://api.worldbank.org/v2/
Lithuania,LTU,2003,3415213,15.1734207288543,66.7596664428711,5507.47434187652,6.17724085,https://api.worldbank.org/v2/
Lithuania,LTU,2004,3377075,15.613976845434,66.6022567749023,6734.57487061946,5.48347187,https://api.worldbank.org/v2/
Lithuania,LTU,2005,3322528,16.0506106831398,66.5784912109375,7857.03148786492,5.64637566,https://api.worldbank.org/v2/
Lithuania,LTU,2006,3269909,16.4653092780983,66.6381530761719,9210.10118229413,5.85725737,https://api.worldbank.org/v2/
Lithuania,LTU,2007,3231294,16.8213583447784,66.7184982299805,12295.1212779366,5.75978613,https://api.worldbank.org/v2/
Lithuania,LTU,2008,3198231,17.1037935044469,66.7527770996094,14955.5345462921,6.29010201,https://api.worldbank.org/v2/
Lithuania,LTU,2009,3162916,17.2804966025491,66.7816619873047,11854.3711053096,7.34499836,https://api.worldbank.org/v2/
Lithuania,LTU,2010,3097282,17.6097771279808,66.7712860107422,11829.122609457,6.9058671,https://api.worldbank.org/v2/
Lithuania,LTU,2011,3028115,17.9884941813021,66.7518340055756,14261.8433787325,6.54017687,https://api.worldbank.org/v2/
Lithuania,LTU,2012,2989139,18.1799731254535,66.8536758422852,14288.1853493139,6.30798101,https://api.worldbank.org/v2/
Lithuania,LTU,2013,2961250,18.3577356444558,67.0092086791992,15636.5252586048,6.15501022,https://api.worldbank.org/v2/
Lithuania,LTU,2014,2937253,18.6035201529541,67.1514937628023,16446.1647181663,6.22244453,https://api.worldbank.org/v2/
Lithuania,LTU,2015,2911109,18.8803013596424,67.2282485961914,14269.8039878287,6.47396851,https://api.worldbank.org/v2/
Lithuania,LTU,2016,2877325,19.1757756195781,67.1894226074219,14934.2702840428,6.64928818,https://api.worldbank.org/v2/
Lithuania,LTU,2017,2842639,19.504402571296,67.1012954711914,16800.1510246099,6.44472837,https://api.worldbank.org/v2/
Lithuania,LTU,2018,2819200,19.7309309832227,67.1464742010457,19247.2315367967,6.46896172,https://api.worldbank.org/v2/
Lithuania,LTU,2019,2811089,19.8571907989029,67.245735168457,19608.7943945553,6.94472647,https://api.worldbank.org/v2/
Lithuania,LTU,2020,2810369,19.9341539675463,67.4254608154297,20428.6478157394,7.41619062,https://api.worldbank.org/v2/
Lithuania,LTU,2021,2808380,19.9469849122603,68.1912117004395,23882.8668916753,7.73210812,https://api.worldbank.org/v2/
Lithuania,LTU,2022,2831639,19.8607556942966,68.2866452426813,24946.5724005188,7.24367952,https://api.worldbank.org/v2/
Lithuania,LTU,2023,2871585,19.8561787800633,68.575454583199,27983.3658256887,7.31801939,https://api.worldbank.org/v2/
Lithuania,LTU,2024,2888278,20.1664889015269,68.8285833315315,29603.7772588256,7.59519005,https://api.worldbank.org/v2/
Luxembourg,LUX,2000,436300,14.0341524651339,84.4182155177842,48659.6390968187,5.92533875,https://api.worldbank.org/v2/
Luxembourg,LUX,2001,441525,13.9484529197977,84.8173254067976,48440.1805564662,6.38193941,https://api.worldbank.org/v2/
Luxembourg,LUX,2002,446175,14.0202984619899,85.203425653095,53005.731801629,6.76099968,https://api.worldbank.org/v2/
Luxembourg,LUX,2003,451630,14.0392131693217,85.5906295073034,65689.3214536911,6.96221447,https://api.worldbank.org/v2/
Luxembourg,LUX,2004,458095,14.0654883148536,85.9799097226846,76544.9170868473,7.2793355,https://api.worldbank.org/v2/
Luxembourg,LUX,2005,465158,14.1069293143962,86.3735649102561,80988.2044869403,7.12328196,https://api.worldbank.org/v2/
Luxembourg,LUX,2006,472637,14.0849627590057,86.7738936810355,90788.8164271049,6.6364212,https://api.worldbank.org/v2/
Luxembourg,LUX,2007,479993,14.0545942907115,87.1831946460401,107475.320297978,6.15803099,https://api.worldbank.org/v2/
Luxembourg,LUX,2008,488650,14.030027168217,87.6037664162874,120422.137934157,6.23101091,https://api.worldbank.org/v2/
Luxembourg,LUX,2009,497783,14.0208536361383,88.0379076027949,109419.746953106,6.94993162,https://api.worldbank.org/v2/
Luxembourg,LUX,2010,506953,13.9918409176011,88.48791681658,110885.991378721,6.66263008,https://api.worldbank.org/v2/
Luxembourg,LUX,2011,518347,13.958297980655,88.9562814837254,119025.057203467,5.95225334,https://api.worldbank.org/v2/
Luxembourg,LUX,2012,530946,13.9654108927907,89.4405768017292,112584.676270958,5.29404306,https://api.worldbank.org/v2/
Luxembourg,LUX,2013,543360,14.0256757341215,89.9413746679705,120000.140729859,5.23557377,https://api.worldbank.org/v2/
Luxembourg,LUX,2014,556319,14.1251062865936,90.4577807676859,123678.706919314,5.23040915,https://api.worldbank.org/v2/
Luxembourg,LUX,2015,569604,14.1954152151927,90.9893679353068,105462.012584423,5.08113575,https://api.worldbank.org/v2/
Luxembourg,LUX,2016,582014,14.2424413802086,91.5357090052649,106899.293549552,5.07103872,https://api.worldbank.org/v2/
Luxembourg,LUX,2017,596336,14.3068137144371,92.0963768119916,110193.213797228,5.13535357,https://api.worldbank.org/v2/
Luxembourg,LUX,2018,607950,14.3776280584969,92.6709441899184,116926.759593905,5.27355194,https://api.worldbank.org/v2/
Luxembourg,LUX,2019,620001,14.4700667405182,93.2589839734767,112696.649059674,5.46640301,https://api.worldbank.org/v2/
Luxembourg,LUX,2020,630419,14.5852263807154,93.8600689970981,116860.02817236,5.7671175,https://api.worldbank.org/v2/
Luxembourg,LUX,2021,640064,14.7153406197971,94.5861743396533,134965.815442152,5.60806084,https://api.worldbank.org/v2/
Luxembourg,LUX,2022,653103,14.8424375777289,94.7605400940185,123719.658915996,5.60926914,https://api.worldbank.org/v2/
Luxembourg,LUX,2023,666430,15.1061948765445,94.8015300320787,133230.619178899,5.78777981,https://api.worldbank.org/v2/
Luxembourg,LUX,2024,677012,15.4763638200631,94.8438702866393,137781.681659123,5.89136267,https://api.worldbank.org/v2/
Latvia,LVA,2000,2367550,14.9901670493231,68.0520561441955,3278.17896440803,5.57169294,https://api.worldbank.org/v2/
Latvia,LVA,2001,2337170,15.2967902763588,68.0163660524785,3504.61829462397,5.89092207,https://api.worldbank.org/v2/
Latvia,LVA,2002,2310173,15.67299817293,67.9813450702046,4003.60935783538,5.95477772,https://api.worldbank.org/v2/
Latvia,LVA,2003,2287955,16.0776790051831,67.9493840506358,4914.57992829302,5.73644829,https://api.worldbank.org/v2/
Latvia,LVA,2004,2263122,16.4790780213888,67.9206702831277,6109.73265186817,6.47518539,https://api.worldbank.org/v2/
Latvia,LVA,2005,2238799,16.8562497223504,67.8953910570353,7283.78738127622,6.08161736,https://api.worldbank.org/v2/
Latvia,LVA,2006,2218357,17.2223969730946,67.873733661714,9211.7374468148,6.02127075,https://api.worldbank.org/v2/
Latvia,LVA,2007,2200325,17.5124592416493,67.8558853865191,13370.9789452508,5.81969213,https://api.worldbank.org/v2/
Latvia,LVA,2008,2177322,17.7238123599017,67.8420335208058,15677.6080864506,5.86603212,https://api.worldbank.org/v2/
Latvia,LVA,2009,2141669,17.9832099503161,67.8323653539295,11996.0322729773,6.2683239,https://api.worldbank.org/v2/
Latvia,LVA,2010,2097555,18.2544494766261,67.8270681752453,11188.4191700977,6.22420359,https://api.worldbank.org/v2/
Latvia,LVA,2011,2059709,18.4754761239579,67.8266897008267,12902.574053337,5.91758251,https://api.worldbank.org/v2/
Latvia,LVA,2012,2034319,18.6755010177509,67.8331638942219,13329.3499931271,5.62075043,https://api.worldbank.org/v2/
Latvia,LVA,2013,2012647,18.9296873835699,67.847334482933,14484.4715282132,5.60404825,https://api.worldbank.org/v2/
Latvia,LVA,2014,1993782,19.2414909818675,67.8686035364944,15185.814581236,5.66363621,https://api.worldbank.org/v2/
Latvia,LVA,2015,1977527,19.5243158412573,67.8965395668259,13321.9753140616,5.84916782,https://api.worldbank.org/v2/
Latvia,LVA,2016,1959537,19.7753873612594,67.9307110858472,13838.5266823272,6.35184479,https://api.worldbank.org/v2/
Latvia,LVA,2017,1942248,20.0107948444194,67.9706866054779,15132.4958333982,6.18721867,https://api.worldbank.org/v2/
Latvia,LVA,2018,1927174,20.1981958800325,68.0160346376376,17252.1710428626,6.40854263,https://api.worldbank.org/v2/
Latvia,LVA,2019,1913822,20.4072272200842,68.066323694246,17294.9751600969,6.86276913,https://api.worldbank.org/v2/
Latvia,LVA,2020,1900449,20.6721709557533,68.1211222872228,17564.2321549354,7.50587368,https://api.worldbank.org/v2/
Latvia,LVA,2021,1884490,20.8461609037398,68.1808791463693,20261.8887788916,9.4105072,https://api.worldbank.org/v2/
Latvia,LVA,2022,1879383,21.0117630297337,68.2570218109034,20221.103686109,8.1044302,https://api.worldbank.org/v2/
Latvia,LVA,2023,1883710,21.3320948408305,68.3586316343061,22710.2637544197,7.27783823,https://api.worldbank.org/v2/
Latvia,LVA,2024,1866124,21.7358403074143,68.4839492628509,23578.9663562625,,https://api.worldbank.org/v2/
Malta,MLT,2000,390087,12.155565836032,93.278338811526,10348.485765125,6.62621355,https://api.worldbank.org/v2/
Malta,MLT,2001,393028,12.4043998713953,93.3621924014528,10357.7026407269,7.0297122,https://api.worldbank.org/v2/
Malta,MLT,2002,395969,12.6888571361645,93.4431095912187,11251.2024877398,7.73333311,https://api.worldbank.org/v2/
Malta,MLT,2003,398582,12.9668211152387,93.5241031580205,13593.9787182902,7.93917513,https://api.worldbank.org/v2/
Malta,MLT,2004,401268,13.2405869071745,93.6081858790552,15212.1312964883,8.03966808,https://api.worldbank.org/v2/
Malta,MLT,2005,403834,13.4790398227037,93.6985189936163,15831.3439802756,8.69497585,https://api.worldbank.org/v2/
Malta,MLT,2006,405308,13.6329008351095,93.7986874969541,16653.6038312389,8.84659672,https://api.worldbank.org/v2/
Malta,MLT,2007,406724,13.7097267115136,93.9118231189546,19444.1743635565,8.18593979,https://api.worldbank.org/v2/
Malta,MLT,2008,409379,13.8815759638541,94.0294765354989,22405.6426266551,7.82490158,https://api.worldbank.org/v2/
Malta,MLT,2009,412477,14.3886148702039,94.1423744490362,21261.5428699817,7.88854265,https://api.worldbank.org/v2/
Malta,MLT,2010,414508,15.096989119852,94.2412435620154,21946.6073066905,7.89857197,https://api.worldbank.org/v2/
Malta,MLT,2011,416268,15.8139408918619,94.3155916422812,23516.972445816,8.31816673,https://api.worldbank.org/v2/
Malta,MLT,2012,420028,16.5765962159862,94.3626256493653,22878.3095862582,8.24921417,https://api.worldbank.org/v2/
Malta,MLT,2013,424810,17.3519818416277,94.3906567856206,25415.5525389054,8.30319595,https://api.worldbank.org/v2/
Malta,MLT,2014,433481,17.9435630039737,94.412512773898,27424.5693619702,8.88463974,https://api.worldbank.org/v2/
Malta,MLT,2015,444220,18.3273199612118,94.4387696268011,25529.6693210673,8.70199776,https://api.worldbank.org/v2/
Malta,MLT,2016,454505,18.6555640731084,94.4800033569336,26459.0644285369,8.69928074,https://api.worldbank.org/v2/
Malta,MLT,2017,467106,18.8131074315696,94.5691806330314,30317.2611769875,8.31366253,https://api.worldbank.org/v2/
Malta,MLT,2018,483903,18.7496839900321,94.7242373261706,33382.280781103,8.11269569,https://api.worldbank.org/v2/
Malta,MLT,2019,503912,18.5815714000859,94.9332032524644,32421.9087471186,8.89282227,https://api.worldbank.org/v2/
Malta,MLT,2020,515490,18.4997679496494,95.1841082280263,31823.422001724,9.85403538,https://api.worldbank.org/v2/
Malta,MLT,2021,518150,18.7721036316463,95.5145343617045,38078.0064279067,9.52782059,https://api.worldbank.org/v2/
Malta,MLT,2022,531113,19.2843700775476,95.6003155132879,35658.8318250199,9.09105396,https://api.worldbank.org/v2/
Malta,MLT,2023,552747,19.800039778143,95.6272277147965,40932.5238774461,8.84301376,https://api.worldbank.org/v2/
Malta,MLT,2024,568847,20.2123026573043,95.6546264490509,44023.6341078148,,https://api.worldbank.org/v2/
Netherlands,NLD,2000,15925513,13.4807797576145,78.4826828427081,26225.1697734149,7.70382404,https://api.worldbank.org/v2/
Netherlands,NLD,2001,16046180,13.5185712153809,80.1840578652121,26955.7128032278,8.04176903,https://api.worldbank.org/v2/
Netherlands,NLD,2002,16148929,13.5686676079293,80.8085275226169,29446.5330872868,8.61879349,https://api.worldbank.org/v2/
Netherlands,NLD,2003,16225302,13.6596873008176,81.3011308878582,35896.7504630706,9.01979256,https://api.worldbank.org/v2/
Netherlands,NLD,2004,16281779,13.8139505760091,82.250953139759,40611.3414353091,9.07156658,https://api.worldbank.org/v2/
Netherlands,NLD,2005,16319868,14.0184905479326,83.5048949725161,42165.396168388,9.05984592,https://api.worldbank.org/v2/
Netherlands,NLD,2006,16346101,14.2338889130898,84.6532280358545,45123.5432406426,9.03575516,https://api.worldbank.org/v2/
Netherlands,NLD,2007,16381696,14.454348786975,85.4089231499726,52100.7996285947,9.00052166,https://api.worldbank.org/v2/
Netherlands,NLD,2008,16445593,14.7046277162167,85.6149582464487,58246.7026905874,9.21819305,https://api.worldbank.org/v2/
Netherlands,NLD,2009,16530388,14.9930922462337,86.2223179632671,53172.0261581418,9.90839005,https://api.worldbank.org/v2/
Netherlands,NLD,2010,16615394,15.2790715770186,87.3502790247129,51305.7338533973,10.09452248,https://api.worldbank.org/v2/
Netherlands,NLD,2011,16693074,15.7302862366438,88.0059204972573,54701.7728030611,10.14537811,https://api.worldbank.org/v2/
Netherlands,NLD,2012,16754962,16.3399904352262,88.5342462391333,50473.9442002689,10.45467281,https://api.worldbank.org/v2/
Netherlands,NLD,2013,16804432,16.8801636441145,89.1749992370605,52602.2860520766,10.50247383,https://api.worldbank.org/v2/
Netherlands,NLD,2014,16865008,17.3524406523196,89.8364787097165,53457.2234864322,10.45699596,https://api.worldbank.org/v2/
Netherlands,NLD,2015,16939923,17.7566909073968,90.2787737214621,45793.8135434697,10.18857956,https://api.worldbank.org/v2/
Netherlands,NLD,2016,17030314,18.0943972670713,90.5803239452777,46808.5291492503,9.89148426,https://api.worldbank.org/v2/
Netherlands,NLD,2017,17131296,18.4202330068604,91.1219700676602,49513.6817346384,9.93712521,https://api.worldbank.org/v2/
Netherlands,NLD,2018,17231624,18.7510079268288,92.6062472401044,53955.0770024266,9.85083961,https://api.worldbank.org/v2/
Netherlands,NLD,2019,17344874,19.0648534024819,93.8898028856479,53554.9007491475,9.93616295,https://api.worldbank.org/v2/
Netherlands,NLD,2020,17441500,19.3703952280046,94.2532277765935,53467.9277413737,10.94954681,https://api.worldbank.org/v2/
Netherlands,NLD,2021,17533044,19.6618088308361,94.6294783220315,60141.9880911492,11.13498974,https://api.worldbank.org/v2/
Netherlands,NLD,2022,17700982,19.9012830406524,94.9856177734136,59123.318556487,10.03109169,https://api.worldbank.org/v2/
Netherlands,NLD,2023,17877117,20.1567559021407,95.3221682092129,63515.6030780019,9.83150005,https://api.worldbank.org/v2/
Netherlands,NLD,2024,17993485,20.4960775816586,95.6396517079336,67465.3208126875,10.00551128,https://api.worldbank.org/v2/
Norway,NOR,2000,4490967,15.1610925017374,76.1338922449534,37991.8907576589,7.70270586,https://api.worldbank.org/v2/
Norway,NOR,2001,4513751,15.0048176013375,76.3958619273785,38458.2530907659,8.00972462,https://api.worldbank.org/v2/
Norway,NOR,2002,4538159,14.8654014729792,76.7955442460288,43048.288735011,8.98267078,https://api.worldbank.org/v2/
Norway,NOR,2003,4564855,14.7617275206592,77.2600021362305,50208.0960234078,9.19355106,https://api.worldbank.org/v2/
Norway,NOR,2004,4591910,14.7202178693601,77.5684593888498,57854.5698169407,8.79598331,https://api.worldbank.org/v2/
Norway,NOR,2005,4623291,14.7079766841642,77.8260148882032,67358.3615969796,8.29899502,https://api.worldbank.org/v2/
Norway,NOR,2006,4660677,14.6741418398994,78.0877227783203,75047.741700385,7.8822999,https://api.worldbank.org/v2/
Norway,NOR,2007,4709153,14.6388412851109,78.4072502632828,86600.2387607877,8.01673985,https://api.worldbank.org/v2/
Norway,NOR,2008,4768212,14.6595992828172,78.7541006020666,99001.5300678626,7.91507673,https://api.worldbank.org/v2/
Norway,NOR,2009,4828726,14.7801365710407,79.0570820210427,81939.726548458,9.03254128,https://api.worldbank.org/v2/
Norway,NOR,2010,4889252,14.9802767836288,79.245002746582,90020.342257973,8.8581152,https://api.worldbank.org/v2/
Norway,NOR,2011,4953088,15.2444453507473,79.311620451463,103545.218988177,8.73474026,https://api.worldbank.org/v2/
Norway,NOR,2012,5018573,15.5274803064487,79.4905925441617,104627.93694681,8.72188568,https://api.worldbank.org/v2/
Norway,NOR,2013,5079623,15.7789144734543,79.9723980455359,106333.138368566,8.87431335,https://api.worldbank.org/v2/
Norway,NOR,2014,5137232,16.0283762490523,80.6117159535579,100410.020200979,9.28297901,https://api.worldbank.org/v2/
Norway,NOR,2015,5188607,16.2747739736493,81.2378240971353,77220.9524311414,10.06992245,https://api.worldbank.org/v2/
Norway,NOR,2016,5234519,16.5172709689852,81.6800003051758,73222.4006864905,10.53049755,https://api.worldbank.org/v2/
Norway,NOR,2017,5276968,16.7812420495177,81.9699745912375,78771.2151264554,10.22983646,https://api.worldbank.org/v2/
Norway,NOR,2018,5311916,17.0853969570307,82.2452112401723,85579.0776455494,9.96037865,https://api.worldbank.org/v2/
Norway,NOR,2019,5347896,17.3948556308139,82.4935894878281,79329.3075190012,10.43807507,https://api.worldbank.org/v2/
Norway,NOR,2020,5379475,17.7281839266957,82.7029885700532,71057.5879471399,11.42416382,https://api.worldbank.org/v2/
Norway,NOR,2021,5408320,18.0740226148213,82.8612877226956,96442.5552173002,9.8142643,https://api.worldbank.org/v2/
Norway,NOR,2022,5457127,18.3301335040316,82.9563661816034,113122.130765691,7.90873051,https://api.worldbank.org/v2/
Norway,NOR,2023,5519601,18.5338475896816,83.0718560702166,90984.4087141111,9.42925453,https://api.worldbank.org/v2/
Norway,NOR,2024,5572279,18.7852406279027,83.3293737928469,89888.9535204758,,https://api.worldbank.org/v2/
Poland,POL,2000,38258629,12.2441691813974,61.7459160613903,4520.64100449111,5.26548243,https://api.worldbank.org/v2/
Poland,POL,2001,38248076,12.4652183478354,61.7557708646056,5015.23790036613,5.64010143,https://api.worldbank.org/v2/
Poland,POL,2002,38230364,12.6821987408228,61.7581534555696,5223.45178967082,6.04828405,https://api.worldbank.org/v2/
Poland,POL,2003,38204570,12.8743856195046,61.7281374379602,5720.81366178104,5.93375778,https://api.worldbank.org/v2/
Poland,POL,2004,38182222,13.0597041907722,61.6555172559989,6711.72715262967,5.84185648,https://api.worldbank.org/v2/
Poland,POL,2005,38165445,13.2347926244254,61.5497010774856,8043.92332253757,5.79073858,https://api.worldbank.org/v2/
Poland,POL,2006,38141267,13.3771602010519,61.4199688499096,9068.85528307627,5.78148365,https://api.worldbank.org/v2/
Poland,POL,2007,38120560,13.4643695818097,61.2756005207604,11272.5293683383,5.86390114,https://api.worldbank.org/v2/
Poland,POL,2008,38125759,13.5105109493124,61.1258760375274,14048.5604672654,6.35196781,https://api.worldbank.org/v2/
Poland,POL,2009,38151603,13.5455278786164,60.9800753477,11556.3026866026,6.57037735,https://api.worldbank.org/v2/
Poland,POL,2010,38042794,13.5707882889596,60.8474783987677,12567.7317676382,6.43533468,https://api.worldbank.org/v2/
Poland,POL,2011,38063255,13.7095291987932,60.7357090652544,13867.6669408192,6.24533606,https://api.worldbank.org/v2/
Poland,POL,2012,38063164,14.0246184967044,60.6341632788866,13087.420943321,6.22854042,https://api.worldbank.org/v2/
Poland,POL,2013,38040196,14.4308218173312,60.5333187465323,13621.9023794031,6.44993687,https://api.worldbank.org/v2/
Poland,POL,2014,38011735,14.8828006858362,60.4340063344328,14262.2841914116,6.39059496,https://api.worldbank.org/v2/
Poland,POL,2015,37986412,15.3775328347538,60.3362886805635,12637.5220324406,6.36490345,https://api.worldbank.org/v2/
Poland,POL,2016,37970087,15.9129115092505,60.2402284228997,12464.0121044827,6.5470438,https://api.worldbank.org/v2/
Poland,POL,2017,37974826,16.4659360432975,60.145888199417,13913.3415190124,6.53713226,https://api.worldbank.org/v2/
Poland,POL,2018,37974750,17.0145616085721,60.0533306480907,15658.210586693,6.25094128,https://api.worldbank.org/v2/
Poland,POL,2019,37965475,17.5584217024462,59.9626184068963,15874.5220531254,6.38906956,https://api.worldbank.org/v2/
Poland,POL,2020,37515748,18.0760468179361,59.8738141138092,16150.9304813473,6.42739105,https://api.worldbank.org/v2/
Poland,POL,2021,36981559,18.5352368986876,59.8096513205543,18635.5104895754,6.3654809,https://api.worldbank.org/v2/
Poland,POL,2022,36821749,19.0192157040405,59.8315488048321,18891.2121169279,6.46619797,https://api.worldbank.org/v2/
Poland,POL,2023,36687353,19.5609114692528,59.8859561370214,22145.2660647429,7.13848782,https://api.worldbank.org/v2/
Poland,POL,2024,36559233,20.1434028173028,59.9705468695101,25103.565661423,8.06380177,https://api.worldbank.org/v2/
Portugal,PRT,2000,10289898,16.1309006351084,54.4051635389142,11526.3720667968,8.60104179,https://api.worldbank.org/v2/
Portugal,PRT,2001,10362722,16.3877131724044,55.0679833009212,11734.7649743954,8.62751579,https://api.worldbank.org/v2/
Portugal,PRT,2002,10419631,16.6060663913453,55.789299869679,12936.6928204482,8.78642941,https://api.worldbank.org/v2/
Portugal,PRT,2003,10458821,16.8062925634515,56.5865509520713,15797.7821340276,9.12415695,https://api.worldbank.org/v2/
Portugal,PRT,2004,10483861,17.041398598076,57.4171857647664,18064.1580932987,9.5325079,https://api.worldbank.org/v2/
Portugal,PRT,2005,10503330,17.2680626718468,58.2450763389585,18780.12751241,9.65306759,https://api.worldbank.org/v2/
Portugal,PRT,2006,10522288,17.4641870294143,59.0340947058419,19839.4540499032,9.35422611,https://api.worldbank.org/v2/
Portugal,PRT,2007,10542964,17.6626196823508,59.7481128966109,22811.0564844365,9.25186634,https://api.worldbank.org/v2/
Portugal,PRT,2008,10558177,17.8926883414037,60.3510029424595,24949.0413566739,9.58307838,https://api.worldbank.org/v2/
Portugal,PRT,2009,10568247,18.1758554317889,60.8066368745822,23151.2154130712,10.13070393,https://api.worldbank.org/v2/
Portugal,PRT,2010,10573100,18.5177045107792,61.0788867241731,22551.935098809,10.01858425,https://api.worldbank.org/v2/
Portugal,PRT,2011,10557560,18.8655829835079,61.1410698395502,23246.5425416481,9.71847439,https://api.worldbank.org/v2/
Portugal,PRT,2012,10514844,19.2003728663626,61.1409793914666,20593.4274224109,9.64000225,https://api.worldbank.org/v2/
Portugal,PRT,2013,10457295,19.6276592820198,61.1405315215642,21676.4859642714,9.39476109,https://api.worldbank.org/v2/
Portugal,PRT,2014,10401062,20.1141031472732,61.1394537361116,22120.6850127107,9.33570766,https://api.worldbank.org/v2/
Portugal,PRT,2015,10358076,20.5742532955034,61.137469211538,19215.7813014347,9.33309937,https://api.worldbank.org/v2/
Portugal,PRT,2016,10325452,21.026998642616,61.1343011242723,19980.2808866516,9.39989281,https://api.worldbank.org/v2/
Portugal,PRT,2017,10300300,21.4882830483163,61.1296726507436,21442.3842768879,9.32668972,https://api.worldbank.org/v2/
Portugal,PRT,2018,10283822,21.9323930135851,61.1233069673808,23541.1401075289,9.42121029,https://api.worldbank.org/v2/
Portugal,PRT,2019,10286263,22.3900784021367,61.114927250613,23343.3628970034,9.50868607,https://api.worldbank.org/v2/
Portugal,PRT,2020,10297081,22.8627033998973,61.1042566768691,22299.4044062173,10.52074051,https://api.worldbank.org/v2/
Portugal,PRT,2021,10361831,23.2908706037669,61.0951249296597,24711.4510062111,11.22031498,https://api.worldbank.org/v2/
Portugal,PRT,2022,10434332,23.688003515383,61.1259255772782,24620.5197587181,10.5492239,https://api.worldbank.org/v2/
Portugal,PRT,2023,10578174,24.1115106141099,61.2048652633664,27634.6183139773,10.02761173,https://api.worldbank.org/v2/
Portugal,PRT,2024,10694681,24.5306498594644,61.3281907341332,29328.3067415343,10.24061108,https://api.worldbank.org/v2/
Romania,ROU,2000,22442971,13.4875679488788,52.8619549004535,1659.92904910528,4.20876169,https://api.worldbank.org/v2/
Romania,ROU,2001,22131970,13.8003051334477,52.764808691157,1825.19299373184,4.37598133,https://api.worldbank.org/v2/
Romania,ROU,2002,21730496,14.1312570893091,52.7466427937759,2119.85509684554,4.57694626,https://api.worldbank.org/v2/
Romania,ROU,2003,21574326,14.4342818207771,52.8023493819682,2679.40626016154,5.37136793,https://api.worldbank.org/v2/
Romania,ROU,2004,21451748,14.7036701374455,52.9175295523808,3494.99056448955,5.47733593,https://api.worldbank.org/v2/
Romania,ROU,2005,21319685,14.916750094722,53.074507031037,4618.00350802913,5.52778196,https://api.worldbank.org/v2/
Romania,ROU,2006,21193760,15.0906344716068,53.2566380678272,5757.53127301178,5.07106066,https://api.worldbank.org/v2/
Romania,ROU,2007,20882982,15.252749354646,53.4472789126416,8360.33775916596,5.02223349,https://api.worldbank.org/v2/
Romania,ROU,2008,20537875,15.4152530110178,53.6297858153706,10435.1561230787,5.02277184,https://api.worldbank.org/v2/
Romania,ROU,2009,20367487,15.628888988839,53.7875150259042,8548.4543409242,5.27816248,https://api.worldbank.org/v2/
Romania,ROU,2010,20246871,15.8399964683843,53.9038227941329,8399.5374234284,5.63882685,https://api.worldbank.org/v2/
Romania,ROU,2011,20147528,16.0573968725291,53.9608874244169,9560.6755277458,4.47503996,https://api.worldbank.org/v2/
Romania,ROU,2012,20058035,16.2663527867529,53.9563092496073,8929.95366231474,4.50939083,https://api.worldbank.org/v2/
Romania,ROU,2013,19983693,16.4582814237269,53.9101758034365,9497.67411615237,5.2240696,https://api.worldbank.org/v2/
Romania,ROU,2014,19908979,16.7939266755188,53.8267187624053,10031.7710755404,5.0276823,https://api.worldbank.org/v2/
Romania,ROU,2015,19815616,17.209625303825,53.7071839518893,8977.01748158196,4.94292021,https://api.worldbank.org/v2/
Romania,ROU,2016,19702267,17.5741928757273,53.5528171972639,9404.54005870715,5.08012772,https://api.worldbank.org/v2/
Romania,ROU,2017,19588715,17.9121340991497,53.3648643239046,10727.9822007426,5.18878555,https://api.worldbank.org/v2/
Romania,ROU,2018,19473970,18.2496778221635,53.1445711571868,12416.134317959,5.51454878,https://api.worldbank.org/v2/
Romania,ROU,2019,19371648,18.604236526527,52.8931835224862,12909.6104013244,5.69924641,https://api.worldbank.org/v2/
Romania,ROU,2020,19265250,19.0166656963587,52.611947245178,13009.1525348396,6.20959711,https://api.worldbank.org/v2/
Romania,ROU,2021,19122059,19.3269658332554,52.2321512130811,14908.0412813921,6.45246983,https://api.worldbank.org/v2/
Romania,ROU,2022,19048502,19.5152470245056,52.1634832477272,15503.4691366242,5.79823256,https://api.worldbank.org/v2/
Romania,ROU,2023,19061062,19.7531409207066,52.1645747011867,18244.4186876321,5.70901489,https://api.worldbank.org/v2/
Romania,ROU,2024,19051804,19.9809987731847,52.1674778928768,20080.2096215595,,https://api.worldbank.org/v2/
Slovakia,SVK,2000,5388720,11.3287846336031,56.1058893284907,3827.72506501314,5.30743933,https://api.worldbank.org/v2/
Slovakia,SVK,2001,5378867,11.3865726097359,55.9968426739371,3974.36802854653,5.34054947,https://api.worldbank.org/v2/
Slovakia,SVK,2002,5376912,11.4504794114571,55.8776140379959,4606.38793538107,5.51793909,https://api.worldbank.org/v2/
Slovakia,SVK,2003,5373374,11.5237521102281,55.7386007222942,6283.15169311309,5.48400879,https://api.worldbank.org/v2/
Slovakia,SVK,2004,5372280,11.6136445079402,55.5843833415875,7996.74076556872,6.39662457,https://api.worldbank.org/v2/
Slovakia,SVK,2005,5372807,11.725855753395,55.4189847597721,9087.20357002472,6.61619043,https://api.worldbank.org/v2/
Slovakia,SVK,2006,5373054,11.8534825062871,55.2464278407442,10629.1782325838,6.8522706,https://api.worldbank.org/v2/
Slovakia,SVK,2007,5374622,11.9862771036409,55.0707354484001,14330.2064943926,7.17538357,https://api.worldbank.org/v2/
Slovakia,SVK,2008,5379233,12.122130374287,54.895930446636,17973.8436435514,6.95978355,https://api.worldbank.org/v2/
Slovakia,SVK,2009,5386406,12.2856006116909,54.7260356993483,16586.7527805228,7.95280409,https://api.worldbank.org/v2/
Slovakia,SVK,2010,5391428,12.4478217220765,54.5650740704331,16899.448680529,7.67065239,https://api.worldbank.org/v2/
Slovakia,SVK,2011,5398384,12.6254872424295,54.4167387988534,18469.4354316836,7.31452227,https://api.worldbank.org/v2/
Slovakia,SVK,2012,5407579,12.9097808254813,54.2764528316182,17516.9691054078,7.52780581,https://api.worldbank.org/v2/
Slovakia,SVK,2013,5413393,13.2842884791878,54.1384024098892,18312.7805149823,7.48013163,https://api.worldbank.org/v2/
Slovakia,SVK,2014,5418649,13.6950033798192,54.0029125499893,18770.9289896545,6.86543369,https://api.worldbank.org/v2/
Slovakia,SVK,2015,5423801,14.1487853575038,53.8700628001622,16442.0760860018,6.74109745,https://api.worldbank.org/v2/
Slovakia,SVK,2016,5430798,14.6624290456748,53.7399327086517,16636.0769133073,7.06081343,https://api.worldbank.org/v2/
Slovakia,SVK,2017,5439232,15.2000556322042,53.6126018237016,17645.5298716761,6.73388767,https://api.worldbank.org/v2/
Slovakia,SVK,2018,5446771,15.7269155531126,53.4881496935559,19573.3717031314,6.63677502,https://api.worldbank.org/v2/
Slovakia,SVK,2019,5454147,16.259188968312,53.3666558664583,19406.0589683582,6.91102982,https://api.worldbank.org/v2/
Slovakia,SVK,2020,5458827,16.7640891006244,53.2481998906526,19735.4858280801,7.06027794,https://api.worldbank.org/v2/
Slovakia,SVK,2021,5447247,17.1648882487724,53.1901479870605,22123.3342114545,7.62857914,https://api.worldbank.org/v2/
Slovakia,SVK,2022,5431752,17.5706371952843,53.1902831072528,21317.7943982363,7.70245218,https://api.worldbank.org/v2/
Slovakia,SVK,2023,5426740,18.0508365765507,53.190805019646,24614.8734642794,7.35262203,https://api.worldbank.org/v2/
Slovakia,SVK,2024,5422069,18.5373993543753,53.1919702985684,25992.6748502048,,https://api.worldbank.org/v2/
Slovenia,SVN,2000,1988925,13.9071257730963,50.6975029797519,10135.7219109212,7.85456371,https://api.worldbank.org/v2/
Slovenia,SVN,2001,1992060,14.2042259077972,50.7597503536323,10375.6255869861,7.95505714,https://api.worldbank.org/v2/
Slovenia,SVN,2002,1994530,14.4943829533612,50.7744556266555,11639.1297780477,8.11632538,https://api.worldbank.org/v2/
Slovenia,SVN,2003,1995733,14.7644655682086,50.7553842628349,14711.674874253,8.17447376,https://api.worldbank.org/v2/
Slovenia,SVN,2004,1997012,15.0421485343948,50.7124410611224,17103.8297783905,7.99959517,https://api.worldbank.org/v2/
Slovenia,SVN,2005,2000474,15.3305839236402,50.648781400021,17969.7095907161,8.0534668,https://api.worldbank.org/v2/
Slovenia,SVN,2006,2006868,15.6015833347478,50.5672552816963,19563.005059144,7.8671999,https://api.worldbank.org/v2/
Slovenia,SVN,2007,2018122,15.8526331729271,50.4707127083144,23725.1596001515,7.54076052,https://api.worldbank.org/v2/
Slovenia,SVN,2008,2021316,16.1194428580917,50.3620036820409,27461.9764165315,7.89287567,https://api.worldbank.org/v2/
Slovenia,SVN,2009,2039669,16.3151255055001,50.2439782050416,24501.7897290425,8.6420126,https://api.worldbank.org/v2/
Slovenia,SVN,2010,2048583,16.3680688560959,50.1194862794826,23329.8417691156,8.63941956,https://api.worldbank.org/v2/
Slovenia,SVN,2011,2052843,16.4955993838356,49.9463818748723,24940.6284841605,8.60054302,https://api.worldbank.org/v2/
Slovenia,SVN,2012,2057159,16.7904579946341,49.7619476318359,22442.1417859955,8.79263687,https://api.worldbank.org/v2/
Slovenia,SVN,2013,2059953,17.1479957003396,50.0466580754027,23236.9655321695,8.84043884,https://api.worldbank.org/v2/
Slovenia,SVN,2014,2061980,17.5469496825326,50.983470916748,24013.0682060959,8.58487225,https://api.worldbank.org/v2/
Slovenia,SVN,2015,2063531,18.0184247458794,53.6612160294144,20697.2748530619,8.57742882,https://api.worldbank.org/v2/
Slovenia,SVN,2016,2065042,18.5120548294753,53.647274017334,21447.8377796036,8.5691185,https://api.worldbank.org/v2/
Slovenia,SVN,2017,2066388,19.0009988314642,55.2451133728027,23303.077705959,8.2588892,https://api.worldbank.org/v2/
Slovenia,SVN,2018,2073894,19.4617683036878,55.1913430955675,25888.0481065655,8.35228634,https://api.worldbank.org/v2/
Slovenia,SVN,2019,2088385,19.8516683589804,55.4523277282715,25814.1687167572,8.56564522,https://api.worldbank.org/v2/
Slovenia,SVN,2020,2102419,20.1213887142885,55.384391784668,25392.0651093612,9.48984432,https://api.worldbank.org/v2/
Slovenia,SVN,2021,2108079,20.4309073032618,55.3046289429588,29192.8401933019,9.52724361,https://api.worldbank.org/v2/
Slovenia,SVN,2022,2112076,20.8812714279501,55.3377817873563,28360.3041467268,9.62683296,https://api.worldbank.org/v2/
Slovenia,SVN,2023,2120461,21.3323429613727,55.5378927789875,32660.4753581346,9.30008888,https://api.worldbank.org/v2/
Slovenia,SVN,2024,2127400,21.7723491779025,55.7577708405917,34301.0318686594,9.87630939,https://api.worldbank.org/v2/
Sweden,SWE,2000,8872109,17.2641350678943,84.0400009155273,29632.5890811623,7.32495546,https://api.worldbank.org/v2/
Sweden,SWE,2001,8895960,17.2157520077936,84.0827152824223,27259.3174300217,7.89248943,https://api.worldbank.org/v2/
Sweden,SWE,2002,8924958,17.1764203133283,84.1342508376823,29957.7776664916,8.18597412,https://api.worldbank.org/v2/
Sweden,SWE,2003,8958229,17.16497007121,84.1954289653543,37292.2419727801,8.31654263,https://api.worldbank.org/v2/
Sweden,SWE,2004,8993531,17.2124300845409,84.2670710494849,42758.0048564929,8.1428194,https://api.worldbank.org/v2/
Sweden,SWE,2005,9029572,17.2765354335417,84.3499984741211,43378.4077394363,8.15987301,https://api.worldbank.org/v2/
Sweden,SWE,2006,9080505,17.3280897136683,84.4553200620359,46531.3762240485,8.0421772,https://api.worldbank.org/v2/
Sweden,SWE,2007,9148092,17.4358344844156,84.5906875454778,53568.3057787832,7.9882226,https://api.worldbank.org/v2/
Sweden,SWE,2008,9219637,17.6463898740767,84.7517366727063,55817.1759726485,8.22603607,https://api.worldbank.org/v2/
Sweden,SWE,2009,9298515,17.9392423059468,84.9341031919813,46707.6425044751,8.77742958,https://api.worldbank.org/v2/
Sweden,SWE,2010,9378126,18.2772882991165,85.1334228515625,52542.5759090299,8.32384682,https://api.worldbank.org/v2/
Sweden,SWE,2011,9449213,18.6361385585896,85.3600748880524,60379.4814599322,10.50179005,https://api.worldbank.org/v2/
Sweden,SWE,2012,9519374,18.9775519929568,85.6250668883122,57749.5615420853,10.834198,https://api.worldbank.org/v2/
Sweden,SWE,2013,9600379,19.2744218602549,85.9249771259894,60843.9888799369,10.9872179,https://api.worldbank.org/v2/
Sweden,SWE,2014,9696110,19.5210692673755,86.2563838747314,59583.4584491714,11.07212639,https://api.worldbank.org/v2/
Sweden,SWE,2015,9799186,19.6982615865952,86.6158654081858,51188.1652120493,10.93069172,https://api.worldbank.org/v2/
Sweden,SWE,2016,9923085,19.773834861054,87.0,51703.5088332851,10.95692444,https://api.worldbank.org/v2/
Sweden,SWE,2017,10057698,19.8018336203973,87.237373786911,53210.2233318965,10.94730949,https://api.worldbank.org/v2/
Sweden,SWE,2018,10175214,19.8625371600706,87.4737430925296,54018.4554391861,11.09132671,https://api.worldbank.org/v2/
Sweden,SWE,2019,10278887,19.9506621429353,87.7088420242759,51648.9892820514,10.93444347,https://api.worldbank.org/v2/
Sweden,SWE,2020,10353442,20.0599853974717,87.9424046895699,52568.5726980146,11.42458725,https://api.worldbank.org/v2/
Sweden,SWE,2021,10415811,20.1967832299352,88.1741651958315,60647.5416365347,11.23013592,https://api.worldbank.org/v2/
Sweden,SWE,2022,10486941,20.3419018248482,88.4038576504809,54836.8907235124,10.85505676,https://api.worldbank.org/v2/
Sweden,SWE,2023,10536632,20.5364235623884,88.631216160938,54950.2834725622,11.152915,https://api.worldbank.org/v2/
Sweden,SWE,2024,10569709,20.7467682423653,88.8559748346228,57222.7100565003,11.21510124,https://api.worldbank.org/v2/
