Repetition,Feature,NullImprovementPct,NullMaximumImprovementPct,Horizon
0,family_consumption_lag1,-0.04810387065941146,0.6465789616999356,1
0,family_consumption_lag2,-0.004096079531215129,0.6465789616999356,1
0,family_consumption_lag3,-0.17746139712358588,0.6465789616999356,1
0,family_consumption_mean3,-0.013832252797172918,0.6465789616999356,1
0,family_consumption_sum3,-0.08035804133804607,0.6465789616999356,1
0,family_consumption_volatility3,0.0009557934778639091,0.6465789616999356,1
0,family_consumption_change1,-0.15979929260734937,0.6465789616999356,1
0,family_consumption_trend3,-0.3466102214284691,0.6465789616999356,1
0,consumption_community_lag1,-0.062175395983003874,0.6465789616999356,1
0,consumption_hospital_lag1,-0.10845098916767293,0.6465789616999356,1
0,hospital_community_ratio_lag1,-0.1996695459999801,0.6465789616999356,1
0,reserve_pct_lag1,-0.08884268944920413,0.6465789616999356,1
0,reserve_pct_lag2,-0.052188710924093405,0.6465789616999356,1
0,reserve_pct_lag3,-0.4007199228182952,0.6465789616999356,1
0,reserve_mean3,-0.056785129463015255,0.6465789616999356,1
0,reserve_change1,-0.0023055911754882408,0.6465789616999356,1
0,ast_tested_per_100k,-0.33363335919646836,0.6465789616999356,1
0,reported_resistant_per_100k,-0.25556908068721124,0.6465789616999356,1
0,tested_growth1,-0.2607523194963849,0.6465789616999356,1
0,testing_volatility4,-0.19201955002307014,0.6465789616999356,1
0,population,-0.1817820436083851,0.6465789616999356,1
0,age65_pct,0.34421414322555904,0.6465789616999356,1
0,urban_pct,-0.07673556268004098,0.6465789616999356,1
0,gdp_per_capita,0.06899670915615164,0.6465789616999356,1
0,health_expenditure_pct_gdp,-0.13035691558212367,0.6465789616999356,1
0,log_population,-0.22776931156866673,0.6465789616999356,1
0,population_growth1,-0.014418493914286437,0.6465789616999356,1
0,population_growth3,-0.3074002564466667,0.6465789616999356,1
0,age65_change1,-0.1048373514862777,0.6465789616999356,1
0,urban_change1,-0.19519513374580935,0.6465789616999356,1
0,log_gdp_per_capita,0.13124069066215127,0.6465789616999356,1
0,gdp_growth1,-0.12146632608748477,0.6465789616999356,1
0,health_expenditure_change1,0.1702803754050749,0.6465789616999356,1
0,eu_resistance_excl_country,-0.5797080805192016,0.6465789616999356,1
0,resistance_gap_to_eu,0.4693727739625704,0.6465789616999356,1
0,eu_resistance_change1,-0.3160602973460771,0.6465789616999356,1
0,other_antibiotic_mean,-0.04406275910289333,0.6465789616999356,1
0,other_antibiotic_sd,-0.1036056740171745,0.6465789616999356,1
0,other_high_resistance_count,-0.0015596339546412755,0.6465789616999356,1
0,country_profile_gap,-0.2079986265012203,0.6465789616999356,1
0,trend_x_volatility,0.6465789616999356,0.6465789616999356,1
0,resistance_x_consumption,0.026918524391936052,0.6465789616999356,1
0,trend_x_consumption,-0.9159503736580455,0.6465789616999356,1
0,resistance_x_eu_gap,0.27286095654326104,0.6465789616999356,1
0,origin_year_index,-0.753086933507424,0.6465789616999356,1
1,family_consumption_lag1,-0.6086507480181483,0.7111877015697698,1
1,family_consumption_lag2,-1.0264326199986271,0.7111877015697698,1
1,family_consumption_lag3,-0.07403365078826621,0.7111877015697698,1
1,family_consumption_mean3,-0.8986021021222864,0.7111877015697698,1
1,family_consumption_sum3,-0.9048694776506084,0.7111877015697698,1
1,family_consumption_volatility3,-0.16696561844268035,0.7111877015697698,1
1,family_consumption_change1,-1.216984414668069,0.7111877015697698,1
1,family_consumption_trend3,-1.6974647606268436,0.7111877015697698,1
1,consumption_community_lag1,-0.1753297916342326,0.7111877015697698,1
1,consumption_hospital_lag1,-0.25676343768824716,0.7111877015697698,1
1,hospital_community_ratio_lag1,-0.3057996400439404,0.7111877015697698,1
1,reserve_pct_lag1,-0.696536367804312,0.7111877015697698,1
1,reserve_pct_lag2,-0.6905558669475703,0.7111877015697698,1
1,reserve_pct_lag3,-0.45866727117581874,0.7111877015697698,1
1,reserve_mean3,-0.704845884631192,0.7111877015697698,1
1,reserve_change1,-0.825392268712156,0.7111877015697698,1
1,ast_tested_per_100k,0.07233517825224813,0.7111877015697698,1
1,reported_resistant_per_100k,-0.09152801957626118,0.7111877015697698,1
1,tested_growth1,-0.4094804319431705,0.7111877015697698,1
1,testing_volatility4,-0.22079025683713208,0.7111877015697698,1
1,population,-0.1076140181619296,0.7111877015697698,1
1,age65_pct,-0.2632587237208358,0.7111877015697698,1
1,urban_pct,-0.1585079511496811,0.7111877015697698,1
1,gdp_per_capita,0.47720739686515734,0.7111877015697698,1
1,health_expenditure_pct_gdp,-0.14366325468908833,0.7111877015697698,1
1,log_population,0.018898064738332693,0.7111877015697698,1
1,population_growth1,-0.020657601740072754,0.7111877015697698,1
1,population_growth3,0.15068217832149364,0.7111877015697698,1
1,age65_change1,-0.01697634768320687,0.7111877015697698,1
1,urban_change1,-0.10846981734026867,0.7111877015697698,1
1,log_gdp_per_capita,0.5385370458303862,0.7111877015697698,1
1,gdp_growth1,-0.6633877536799467,0.7111877015697698,1
1,health_expenditure_change1,0.056188946049206594,0.7111877015697698,1
1,eu_resistance_excl_country,-0.2658622963217337,0.7111877015697698,1
1,resistance_gap_to_eu,-0.22320700087469672,0.7111877015697698,1
1,eu_resistance_change1,0.7111877015697698,0.7111877015697698,1
1,other_antibiotic_mean,-0.0548207718062341,0.7111877015697698,1
1,other_antibiotic_sd,-0.10976359902616711,0.7111877015697698,1
1,other_high_resistance_count,-0.11324174014690105,0.7111877015697698,1
1,country_profile_gap,-0.6126034703169578,0.7111877015697698,1
1,trend_x_volatility,-0.007053007841319155,0.7111877015697698,1
1,resistance_x_consumption,-1.0416643580718759,0.7111877015697698,1
1,trend_x_consumption,0.53253942522455,0.7111877015697698,1
1,resistance_x_eu_gap,-0.17787785687065769,0.7111877015697698,1
1,origin_year_index,-0.6888756409984633,0.7111877015697698,1
2,family_consumption_lag1,-0.4480582204678183,0.42773411668646355,1
2,family_consumption_lag2,-0.20011471645993253,0.42773411668646355,1
2,family_consumption_lag3,-0.31695263344902946,0.42773411668646355,1
2,family_consumption_mean3,-0.18771291303761073,0.42773411668646355,1
2,family_consumption_sum3,-0.21681555151017184,0.42773411668646355,1
2,family_consumption_volatility3,-0.13776234931455855,0.42773411668646355,1
2,family_consumption_change1,-0.1947570793907919,0.42773411668646355,1
2,family_consumption_trend3,-0.19237330611862238,0.42773411668646355,1
2,consumption_community_lag1,-0.6104040587078647,0.42773411668646355,1
2,consumption_hospital_lag1,-0.5738277160323314,0.42773411668646355,1
2,hospital_community_ratio_lag1,-1.3241584973931155,0.42773411668646355,1
2,reserve_pct_lag1,-0.5632858255072226,0.42773411668646355,1
2,reserve_pct_lag2,-0.28187428705049056,0.42773411668646355,1
2,reserve_pct_lag3,-0.2425878806328907,0.42773411668646355,1
2,reserve_mean3,-0.2803650090318418,0.42773411668646355,1
2,reserve_change1,-0.1778315067124812,0.42773411668646355,1
2,ast_tested_per_100k,0.262340917217746,0.42773411668646355,1
2,reported_resistant_per_100k,-0.052906240337103186,0.42773411668646355,1
2,tested_growth1,-0.21109709190422402,0.42773411668646355,1
2,testing_volatility4,-0.11189663800620454,0.42773411668646355,1
2,population,-0.028414075786553764,0.42773411668646355,1
2,age65_pct,-0.729790526236605,0.42773411668646355,1
2,urban_pct,-0.19837397862712894,0.42773411668646355,1
2,gdp_per_capita,0.1993525829799135,0.42773411668646355,1
2,health_expenditure_pct_gdp,-0.1672952283427972,0.42773411668646355,1
2,log_population,-0.043912165656937036,0.42773411668646355,1
2,population_growth1,0.23272325301353072,0.42773411668646355,1
2,population_growth3,0.23071455974865174,0.42773411668646355,1
2,age65_change1,-0.07492361121699459,0.42773411668646355,1
2,urban_change1,-0.13827326826394418,0.42773411668646355,1
2,log_gdp_per_capita,0.19914901119978257,0.42773411668646355,1
2,gdp_growth1,0.2003656553493543,0.42773411668646355,1
2,health_expenditure_change1,-0.7914234238045522,0.42773411668646355,1
2,eu_resistance_excl_country,0.15346408652888244,0.42773411668646355,1
2,resistance_gap_to_eu,-0.4725129354120677,0.42773411668646355,1
2,eu_resistance_change1,0.015566583441672934,0.42773411668646355,1
2,other_antibiotic_mean,-0.020584139424266464,0.42773411668646355,1
2,other_antibiotic_sd,-0.030220930607590065,0.42773411668646355,1
2,other_high_resistance_count,-0.04945284791961428,0.42773411668646355,1
2,country_profile_gap,-0.08363660136047313,0.42773411668646355,1
2,trend_x_volatility,0.3070731763911391,0.42773411668646355,1
2,resistance_x_consumption,-0.14607578236679536,0.42773411668646355,1
2,trend_x_consumption,0.42773411668646355,0.42773411668646355,1
2,resistance_x_eu_gap,-0.7801558651611253,0.42773411668646355,1
2,origin_year_index,-0.17378293127145758,0.42773411668646355,1
3,family_consumption_lag1,-0.10953076209968328,0.14146995772397306,1
3,family_consumption_lag2,-0.03302172761914954,0.14146995772397306,1
3,family_consumption_lag3,-0.17216239756061724,0.14146995772397306,1
3,family_consumption_mean3,-0.04282063379198854,0.14146995772397306,1
3,family_consumption_sum3,-0.052630132579693956,0.14146995772397306,1
3,family_consumption_volatility3,-0.13139994057291926,0.14146995772397306,1
3,family_consumption_change1,-0.27289748868770547,0.14146995772397306,1
3,family_consumption_trend3,-0.2948835484757458,0.14146995772397306,1
3,consumption_community_lag1,-0.3790936558845768,0.14146995772397306,1
3,consumption_hospital_lag1,-0.4623101419907817,0.14146995772397306,1
3,hospital_community_ratio_lag1,-0.4863082718103213,0.14146995772397306,1
3,reserve_pct_lag1,-0.6002023258567206,0.14146995772397306,1
3,reserve_pct_lag2,-0.6447475178701698,0.14146995772397306,1
3,reserve_pct_lag3,-0.5201422064954645,0.14146995772397306,1
3,reserve_mean3,-0.653858966505496,0.14146995772397306,1
3,reserve_change1,-0.4944576310436935,0.14146995772397306,1
3,ast_tested_per_100k,-0.09675252217125123,0.14146995772397306,1
3,reported_resistant_per_100k,-0.14669173753082898,0.14146995772397306,1
3,tested_growth1,-0.018964881496208043,0.14146995772397306,1
3,testing_volatility4,-0.060523083583854435,0.14146995772397306,1
3,population,-0.046461635359713586,0.14146995772397306,1
3,age65_pct,-0.6547894259423416,0.14146995772397306,1
3,urban_pct,-0.07224158371901396,0.14146995772397306,1
3,gdp_per_capita,0.05857409313862217,0.14146995772397306,1
3,health_expenditure_pct_gdp,-0.1029204378776707,0.14146995772397306,1
3,log_population,-0.34654860701201184,0.14146995772397306,1
3,population_growth1,-0.4453267019087988,0.14146995772397306,1
3,population_growth3,-0.5432151374242544,0.14146995772397306,1
3,age65_change1,-0.13946815366385373,0.14146995772397306,1
3,urban_change1,-0.07843796688352052,0.14146995772397306,1
3,log_gdp_per_capita,-0.20236964136992674,0.14146995772397306,1
3,gdp_growth1,0.14146995772397306,0.14146995772397306,1
3,health_expenditure_change1,-0.6178061720871545,0.14146995772397306,1
3,eu_resistance_excl_country,-0.06226147520991083,0.14146995772397306,1
3,resistance_gap_to_eu,-0.10005518082245878,0.14146995772397306,1
3,eu_resistance_change1,-0.2662469330366065,0.14146995772397306,1
3,other_antibiotic_mean,-0.006828669223708845,0.14146995772397306,1
3,other_antibiotic_sd,-0.08097974126767393,0.14146995772397306,1
3,other_high_resistance_count,-0.02567757226460175,0.14146995772397306,1
3,country_profile_gap,-0.3446517028470565,0.14146995772397306,1
3,trend_x_volatility,-0.06843229570385784,0.14146995772397306,1
3,resistance_x_consumption,0.01647249890859582,0.14146995772397306,1
3,trend_x_consumption,-0.8512541625748032,0.14146995772397306,1
3,resistance_x_eu_gap,-0.2317759351789373,0.14146995772397306,1
3,origin_year_index,-1.3904229978275857,0.14146995772397306,1
4,family_consumption_lag1,0.05005837063497705,1.171449576347518,1
4,family_consumption_lag2,0.24511350624211534,1.171449576347518,1
4,family_consumption_lag3,0.22303758515600539,1.171449576347518,1
4,family_consumption_mean3,0.24151567706172702,1.171449576347518,1
4,family_consumption_sum3,0.20468470909410375,1.171449576347518,1
4,family_consumption_volatility3,-0.14215204220173414,1.171449576347518,1
4,family_consumption_change1,-0.28190309552548415,1.171449576347518,1
4,family_consumption_trend3,-0.07864268140009673,1.171449576347518,1
4,consumption_community_lag1,-0.048838049060120785,1.171449576347518,1
4,consumption_hospital_lag1,-0.17008960925905353,1.171449576347518,1
4,hospital_community_ratio_lag1,-0.08058753978213763,1.171449576347518,1
4,reserve_pct_lag1,-0.3997570664126516,1.171449576347518,1
4,reserve_pct_lag2,-0.2911545478832788,1.171449576347518,1
4,reserve_pct_lag3,-0.44084452717008193,1.171449576347518,1
4,reserve_mean3,-0.2859981917200157,1.171449576347518,1
4,reserve_change1,-0.32015032064522714,1.171449576347518,1
4,ast_tested_per_100k,-0.010743907783469167,1.171449576347518,1
4,reported_resistant_per_100k,-0.04325972924238115,1.171449576347518,1
4,tested_growth1,-0.27614127889233964,1.171449576347518,1
4,testing_volatility4,-0.5063078348404035,1.171449576347518,1
4,population,-0.00932673893810339,1.171449576347518,1
4,age65_pct,-0.1406216913884905,1.171449576347518,1
4,urban_pct,-0.13426574489088156,1.171449576347518,1
4,gdp_per_capita,0.10490638641152436,1.171449576347518,1
4,health_expenditure_pct_gdp,0.2795182426240332,1.171449576347518,1
4,log_population,-0.06623815527172389,1.171449576347518,1
4,population_growth1,0.12472565781865425,1.171449576347518,1
4,population_growth3,-0.23385440904035382,1.171449576347518,1
4,age65_change1,-0.10919630722133492,1.171449576347518,1
4,urban_change1,-0.15033545083620806,1.171449576347518,1
4,log_gdp_per_capita,0.12505931020855127,1.171449576347518,1
4,gdp_growth1,-0.051059781406950264,1.171449576347518,1
4,health_expenditure_change1,-0.18010714421804613,1.171449576347518,1
4,eu_resistance_excl_country,-0.2246126857904128,1.171449576347518,1
4,resistance_gap_to_eu,0.28805852776508206,1.171449576347518,1
4,eu_resistance_change1,-1.296746769163257,1.171449576347518,1
4,other_antibiotic_mean,-0.03287641020104332,1.171449576347518,1
4,other_antibiotic_sd,-0.037385127477973595,1.171449576347518,1
4,other_high_resistance_count,-0.0439066840464885,1.171449576347518,1
4,country_profile_gap,-0.1395743575188591,1.171449576347518,1
4,trend_x_volatility,0.7359377728665626,1.171449576347518,1
4,resistance_x_consumption,0.3641503947571896,1.171449576347518,1
4,trend_x_consumption,1.171449576347518,1.171449576347518,1
4,resistance_x_eu_gap,0.10352614470590449,1.171449576347518,1
4,origin_year_index,-0.7545804995803831,1.171449576347518,1
5,family_consumption_lag1,0.05333559298717506,0.3236577473944959,1
5,family_consumption_lag2,-0.2500241008023011,0.3236577473944959,1
5,family_consumption_lag3,-0.3739255088151426,0.3236577473944959,1
5,family_consumption_mean3,-0.2454515841119937,0.3236577473944959,1
5,family_consumption_sum3,-0.2236352826878195,0.3236577473944959,1
5,family_consumption_volatility3,-0.4775087711000211,0.3236577473944959,1
5,family_consumption_change1,-0.44113910384411326,0.3236577473944959,1
5,family_consumption_trend3,-0.3940321928203215,0.3236577473944959,1
5,consumption_community_lag1,-0.05247590537669524,0.3236577473944959,1
5,consumption_hospital_lag1,-0.320745618477224,0.3236577473944959,1
5,hospital_community_ratio_lag1,-0.16618907053392742,0.3236577473944959,1
5,reserve_pct_lag1,-0.781626697191388,0.3236577473944959,1
5,reserve_pct_lag2,-0.5697939983681135,0.3236577473944959,1
5,reserve_pct_lag3,-0.4603505439892757,0.3236577473944959,1
5,reserve_mean3,-0.5317322946916181,0.3236577473944959,1
5,reserve_change1,-0.6228416391089657,0.3236577473944959,1
5,ast_tested_per_100k,-0.05208448750668586,0.3236577473944959,1
5,reported_resistant_per_100k,-0.175013675943931,0.3236577473944959,1
5,tested_growth1,-0.05665072298715847,0.3236577473944959,1
5,testing_volatility4,-0.16044617123407753,0.3236577473944959,1
5,population,-0.018746921597780998,0.3236577473944959,1
5,age65_pct,0.11703017719511086,0.3236577473944959,1
5,urban_pct,-0.0463258237000585,0.3236577473944959,1
5,gdp_per_capita,0.29087613795435,0.3236577473944959,1
5,health_expenditure_pct_gdp,0.02733558162619932,0.3236577473944959,1
5,log_population,-0.06899776276337752,0.3236577473944959,1
5,population_growth1,-0.17755524230465738,0.3236577473944959,1
5,population_growth3,-0.27573291566015257,0.3236577473944959,1
5,age65_change1,-0.13525290513474655,0.3236577473944959,1
5,urban_change1,-0.06530352217031782,0.3236577473944959,1
5,log_gdp_per_capita,0.3236577473944959,0.3236577473944959,1
5,gdp_growth1,-0.18154972619656604,0.3236577473944959,1
5,health_expenditure_change1,-0.16789424438996328,0.3236577473944959,1
5,eu_resistance_excl_country,-0.8113747959756828,0.3236577473944959,1
5,resistance_gap_to_eu,0.25531576412430523,0.3236577473944959,1
5,eu_resistance_change1,-1.2656258139968242,0.3236577473944959,1
5,other_antibiotic_mean,-0.10057670642911816,0.3236577473944959,1
5,other_antibiotic_sd,-0.03484975319021684,0.3236577473944959,1
5,other_high_resistance_count,-0.16646764149251045,0.3236577473944959,1
5,country_profile_gap,-0.4496542360577982,0.3236577473944959,1
5,trend_x_volatility,-0.17275525735911013,0.3236577473944959,1
5,resistance_x_consumption,-0.19482824083367475,0.3236577473944959,1
5,trend_x_consumption,-0.7877405285291964,0.3236577473944959,1
5,resistance_x_eu_gap,0.12312790823211625,0.3236577473944959,1
5,origin_year_index,-0.8985083249468614,0.3236577473944959,1
6,family_consumption_lag1,-0.27341686540737004,0.5913866318517559,1
6,family_consumption_lag2,-0.10379863814327306,0.5913866318517559,1
6,family_consumption_lag3,-0.23990495535822526,0.5913866318517559,1
6,family_consumption_mean3,-0.10437882491410844,0.5913866318517559,1
6,family_consumption_sum3,-0.1375605183105714,0.5913866318517559,1
6,family_consumption_volatility3,-0.8267966660851274,0.5913866318517559,1
6,family_consumption_change1,-0.14823906018715166,0.5913866318517559,1
6,family_consumption_trend3,-0.6617057946626701,0.5913866318517559,1
6,consumption_community_lag1,-0.20194107742601022,0.5913866318517559,1
6,consumption_hospital_lag1,0.017887952227220207,0.5913866318517559,1
6,hospital_community_ratio_lag1,-0.3012996064004101,0.5913866318517559,1
6,reserve_pct_lag1,-0.2419444845406791,0.5913866318517559,1
6,reserve_pct_lag2,-0.13389576098805253,0.5913866318517559,1
6,reserve_pct_lag3,-0.19715762917895904,0.5913866318517559,1
6,reserve_mean3,-0.1441544709202374,0.5913866318517559,1
6,reserve_change1,-0.11772312089471951,0.5913866318517559,1
6,ast_tested_per_100k,0.023108755286922106,0.5913866318517559,1
6,reported_resistant_per_100k,-0.10008422528950955,0.5913866318517559,1
6,tested_growth1,-0.12087595339679252,0.5913866318517559,1
6,testing_volatility4,-0.07292013831596417,0.5913866318517559,1
6,population,0.0027861780398013096,0.5913866318517559,1
6,age65_pct,0.18521581699754505,0.5913866318517559,1
6,urban_pct,-0.06923075069086088,0.5913866318517559,1
6,gdp_per_capita,0.12725019154840625,0.5913866318517559,1
6,health_expenditure_pct_gdp,0.027787051449790316,0.5913866318517559,1
6,log_population,-0.10600354139959796,0.5913866318517559,1
6,population_growth1,-0.03294130388235579,0.5913866318517559,1
6,population_growth3,-0.21904914630895123,0.5913866318517559,1
6,age65_change1,-0.31333378489065294,0.5913866318517559,1
6,urban_change1,-0.1717018968564923,0.5913866318517559,1
6,log_gdp_per_capita,0.176676950931401,0.5913866318517559,1
6,gdp_growth1,0.06284067195141052,0.5913866318517559,1
6,health_expenditure_change1,-0.5131578840363805,0.5913866318517559,1
6,eu_resistance_excl_country,-0.22447244691332074,0.5913866318517559,1
6,resistance_gap_to_eu,0.16192266351717774,0.5913866318517559,1
6,eu_resistance_change1,-0.1533737183170918,0.5913866318517559,1
6,other_antibiotic_mean,-0.018684297420814313,0.5913866318517559,1
6,other_antibiotic_sd,-0.1100066020060728,0.5913866318517559,1
6,other_high_resistance_count,-0.0433839910924704,0.5913866318517559,1
6,country_profile_gap,-0.14852718732838754,0.5913866318517559,1
6,trend_x_volatility,-0.2874909058920659,0.5913866318517559,1
6,resistance_x_consumption,-0.03652308031889418,0.5913866318517559,1
6,trend_x_consumption,0.5913866318517559,0.5913866318517559,1
6,resistance_x_eu_gap,-0.004717143146072645,0.5913866318517559,1
6,origin_year_index,-0.02346382549756421,0.5913866318517559,1
7,family_consumption_lag1,-0.12347187329397566,0.5906936324991162,1
7,family_consumption_lag2,0.06796254046753103,0.5906936324991162,1
7,family_consumption_lag3,0.036592123021069706,0.5906936324991162,1
7,family_consumption_mean3,0.1017105840205502,0.5906936324991162,1
7,family_consumption_sum3,0.09235430781321481,0.5906936324991162,1
7,family_consumption_volatility3,-0.41639949849238567,0.5906936324991162,1
7,family_consumption_change1,-0.053478348288891114,0.5906936324991162,1
7,family_consumption_trend3,-0.0877847328389334,0.5906936324991162,1
7,consumption_community_lag1,-0.33376599441880545,0.5906936324991162,1
7,consumption_hospital_lag1,-0.10634006231965383,0.5906936324991162,1
7,hospital_community_ratio_lag1,-0.37655594794157354,0.5906936324991162,1
7,reserve_pct_lag1,-0.4235862102800187,0.5906936324991162,1
7,reserve_pct_lag2,-0.1945985441954894,0.5906936324991162,1
7,reserve_pct_lag3,-0.4955625152444208,0.5906936324991162,1
7,reserve_mean3,-0.19833833746441065,0.5906936324991162,1
7,reserve_change1,-0.2152331248537138,0.5906936324991162,1
7,ast_tested_per_100k,-0.3379061431653107,0.5906936324991162,1
7,reported_resistant_per_100k,-0.1952503664055017,0.5906936324991162,1
7,tested_growth1,0.13776800848439488,0.5906936324991162,1
7,testing_volatility4,0.12977414031635734,0.5906936324991162,1
7,population,-0.04714589858231405,0.5906936324991162,1
7,age65_pct,0.03946645672258303,0.5906936324991162,1
7,urban_pct,-0.4564367454749612,0.5906936324991162,1
7,gdp_per_capita,-0.2387066405102495,0.5906936324991162,1
7,health_expenditure_pct_gdp,0.03744031211547517,0.5906936324991162,1
7,log_population,-0.17943976019373178,0.5906936324991162,1
7,population_growth1,-0.29935004834263407,0.5906936324991162,1
7,population_growth3,-0.16743474847187792,0.5906936324991162,1
7,age65_change1,-0.09111219488278191,0.5906936324991162,1
7,urban_change1,0.015230010010727437,0.5906936324991162,1
7,log_gdp_per_capita,0.025179750116440417,0.5906936324991162,1
7,gdp_growth1,-0.5738260141561559,0.5906936324991162,1
7,health_expenditure_change1,0.264825520273671,0.5906936324991162,1
7,eu_resistance_excl_country,-0.4289067678484873,0.5906936324991162,1
7,resistance_gap_to_eu,0.17233503659352395,0.5906936324991162,1
7,eu_resistance_change1,0.5906936324991162,0.5906936324991162,1
7,other_antibiotic_mean,-0.10666376521423782,0.5906936324991162,1
7,other_antibiotic_sd,-0.10009826822597367,0.5906936324991162,1
7,other_high_resistance_count,-0.22457255498834167,0.5906936324991162,1
7,country_profile_gap,-0.7680445979921465,0.5906936324991162,1
7,trend_x_volatility,0.08263518212883425,0.5906936324991162,1
7,resistance_x_consumption,0.1835934917565368,0.5906936324991162,1
7,trend_x_consumption,-0.007600887811164595,0.5906936324991162,1
7,resistance_x_eu_gap,0.08354447317994888,0.5906936324991162,1
7,origin_year_index,-0.09940203523630183,0.5906936324991162,1
8,family_consumption_lag1,-0.2592791027929301,0.39630952943462305,1
8,family_consumption_lag2,-0.07429784581647828,0.39630952943462305,1
8,family_consumption_lag3,-0.1435504589163291,0.39630952943462305,1
8,family_consumption_mean3,-0.06718973628205395,0.39630952943462305,1
8,family_consumption_sum3,-0.0927176588824178,0.39630952943462305,1
8,family_consumption_volatility3,-0.14501967078947975,0.39630952943462305,1
8,family_consumption_change1,-0.4175683783755537,0.39630952943462305,1
8,family_consumption_trend3,-0.3176452726694957,0.39630952943462305,1
8,consumption_community_lag1,-0.434050041131468,0.39630952943462305,1
8,consumption_hospital_lag1,-0.13600728804922985,0.39630952943462305,1
8,hospital_community_ratio_lag1,-0.5705705834238751,0.39630952943462305,1
8,reserve_pct_lag1,-0.6105716146578997,0.39630952943462305,1
8,reserve_pct_lag2,-0.3848567846648307,0.39630952943462305,1
8,reserve_pct_lag3,-0.17433578957216767,0.39630952943462305,1
8,reserve_mean3,-0.37903715540729527,0.39630952943462305,1
8,reserve_change1,-0.12889199326260703,0.39630952943462305,1
8,ast_tested_per_100k,-0.20028581939444534,0.39630952943462305,1
8,reported_resistant_per_100k,-0.2425364398827108,0.39630952943462305,1
8,tested_growth1,-0.2452358015340078,0.39630952943462305,1
8,testing_volatility4,-0.21659438301250142,0.39630952943462305,1
8,population,-0.020741983609165175,0.39630952943462305,1
8,age65_pct,0.1997769437914717,0.39630952943462305,1
8,urban_pct,-0.07345131215287716,0.39630952943462305,1
8,gdp_per_capita,0.29888955432864556,0.39630952943462305,1
8,health_expenditure_pct_gdp,0.09062733204538492,0.39630952943462305,1
8,log_population,-0.17477532529565085,0.39630952943462305,1
8,population_growth1,-0.020740217237137745,0.39630952943462305,1
8,population_growth3,-0.18093439813268503,0.39630952943462305,1
8,age65_change1,-0.22560839395813168,0.39630952943462305,1
8,urban_change1,-0.3050033099181781,0.39630952943462305,1
8,log_gdp_per_capita,0.39630952943462305,0.39630952943462305,1
8,gdp_growth1,-0.11913335544612526,0.39630952943462305,1
8,health_expenditure_change1,-1.0704493647361577,0.39630952943462305,1
8,eu_resistance_excl_country,-0.10217562938932953,0.39630952943462305,1
8,resistance_gap_to_eu,-0.3355048371478024,0.39630952943462305,1
8,eu_resistance_change1,-0.520557334794978,0.39630952943462305,1
8,other_antibiotic_mean,-0.15284565459420085,0.39630952943462305,1
8,other_antibiotic_sd,-0.05973986662342375,0.39630952943462305,1
8,other_high_resistance_count,-0.25290320406493144,0.39630952943462305,1
8,country_profile_gap,0.1211232346114118,0.39630952943462305,1
8,trend_x_volatility,-0.20493642740362042,0.39630952943462305,1
8,resistance_x_consumption,-0.029247126678632992,0.39630952943462305,1
8,trend_x_consumption,-0.16631514393619512,0.39630952943462305,1
8,resistance_x_eu_gap,-0.8818952266642501,0.39630952943462305,1
8,origin_year_index,-1.2600941155846446,0.39630952943462305,1
9,family_consumption_lag1,0.06670802932909113,1.4691045171227373,1
9,family_consumption_lag2,-0.03740793086427911,1.4691045171227373,1
9,family_consumption_lag3,0.15060106655067035,1.4691045171227373,1
9,family_consumption_mean3,-0.019196264329339494,1.4691045171227373,1
9,family_consumption_sum3,-0.03623534124526314,1.4691045171227373,1
9,family_consumption_volatility3,-0.6334513951562757,1.4691045171227373,1
9,family_consumption_change1,-0.2022647968912707,1.4691045171227373,1
9,family_consumption_trend3,0.19442464911916704,1.4691045171227373,1
9,consumption_community_lag1,-0.23175187531688407,1.4691045171227373,1
9,consumption_hospital_lag1,-0.22459486893097605,1.4691045171227373,1
9,hospital_community_ratio_lag1,-0.5185711991746157,1.4691045171227373,1
9,reserve_pct_lag1,-0.47577711667839295,1.4691045171227373,1
9,reserve_pct_lag2,-0.3811804667388423,1.4691045171227373,1
9,reserve_pct_lag3,-0.04945884028072071,1.4691045171227373,1
9,reserve_mean3,-0.3758856563933462,1.4691045171227373,1
9,reserve_change1,-0.1134627909084409,1.4691045171227373,1
9,ast_tested_per_100k,-0.043453303096426074,1.4691045171227373,1
9,reported_resistant_per_100k,-0.13028458020226805,1.4691045171227373,1
9,tested_growth1,-0.08307149160115483,1.4691045171227373,1
9,testing_volatility4,-0.07011547441273623,1.4691045171227373,1
9,population,-0.03893397737933889,1.4691045171227373,1
9,age65_pct,-0.2030956947511042,1.4691045171227373,1
9,urban_pct,-0.1336428369720456,1.4691045171227373,1
9,gdp_per_capita,0.2513497643191763,1.4691045171227373,1
9,health_expenditure_pct_gdp,0.05515687420044315,1.4691045171227373,1
9,log_population,-0.08854655819057307,1.4691045171227373,1
9,population_growth1,0.4515701369293422,1.4691045171227373,1
9,population_growth3,0.8830306132031198,1.4691045171227373,1
9,age65_change1,0.6638096478932796,1.4691045171227373,1
9,urban_change1,-0.0404998316407733,1.4691045171227373,1
9,log_gdp_per_capita,0.5029617482791117,1.4691045171227373,1
9,gdp_growth1,-0.03983403699670468,1.4691045171227373,1
9,health_expenditure_change1,-0.3403178171070946,1.4691045171227373,1
9,eu_resistance_excl_country,0.13672628363163936,1.4691045171227373,1
9,resistance_gap_to_eu,-0.5853630304606502,1.4691045171227373,1
9,eu_resistance_change1,1.4691045171227373,1.4691045171227373,1
9,other_antibiotic_mean,-0.004410381987338316,1.4691045171227373,1
9,other_antibiotic_sd,0.009707714022548294,1.4691045171227373,1
9,other_high_resistance_count,-0.07313715147087566,1.4691045171227373,1
9,country_profile_gap,-0.0825997945725968,1.4691045171227373,1
9,trend_x_volatility,0.21082970865288098,1.4691045171227373,1
9,resistance_x_consumption,-0.02752787028720784,1.4691045171227373,1
9,trend_x_consumption,-0.13038862832385675,1.4691045171227373,1
9,resistance_x_eu_gap,-0.48346536604579443,1.4691045171227373,1
9,origin_year_index,1.0041022554449857,1.4691045171227373,1
10,family_consumption_lag1,-0.6398506040585074,0.6983343974827019,1
10,family_consumption_lag2,-0.873070860877884,0.6983343974827019,1
10,family_consumption_lag3,-0.383795538614888,0.6983343974827019,1
10,family_consumption_mean3,-0.7856985442639289,0.6983343974827019,1
10,family_consumption_sum3,-0.8671629591117883,0.6983343974827019,1
10,family_consumption_volatility3,-0.641230263168507,0.6983343974827019,1
10,family_consumption_change1,-0.1668765806314556,0.6983343974827019,1
10,family_consumption_trend3,-0.09919463684043411,0.6983343974827019,1
10,consumption_community_lag1,-0.14323134332899246,0.6983343974827019,1
10,consumption_hospital_lag1,-0.05557602128976604,0.6983343974827019,1
10,hospital_community_ratio_lag1,-0.12731886922884617,0.6983343974827019,1
10,reserve_pct_lag1,-0.7080333464066063,0.6983343974827019,1
10,reserve_pct_lag2,-0.6377209843978076,0.6983343974827019,1
10,reserve_pct_lag3,-0.44004755350238406,0.6983343974827019,1
10,reserve_mean3,-0.6346362953166454,0.6983343974827019,1
10,reserve_change1,-0.4388579717536628,0.6983343974827019,1
10,ast_tested_per_100k,0.222176877644351,0.6983343974827019,1
10,reported_resistant_per_100k,-0.3289466766349886,0.6983343974827019,1
10,tested_growth1,-0.15220379267872783,0.6983343974827019,1
10,testing_volatility4,-0.31877975274328985,0.6983343974827019,1
10,population,-0.14324919990292095,0.6983343974827019,1
10,age65_pct,0.0783278872858325,0.6983343974827019,1
10,urban_pct,-0.055965209874043596,0.6983343974827019,1
10,gdp_per_capita,0.4394401442444799,0.6983343974827019,1
10,health_expenditure_pct_gdp,-0.014071029949683027,0.6983343974827019,1
10,log_population,0.05452974735508769,0.6983343974827019,1
10,population_growth1,0.27678977399474136,0.6983343974827019,1
10,population_growth3,-0.060480771961670954,0.6983343974827019,1
10,age65_change1,-0.09521009824414199,0.6983343974827019,1
10,urban_change1,-0.06912856772750223,0.6983343974827019,1
10,log_gdp_per_capita,0.4310698891757779,0.6983343974827019,1
10,gdp_growth1,-0.3190627431283986,0.6983343974827019,1
10,health_expenditure_change1,-0.02452522238134041,0.6983343974827019,1
10,eu_resistance_excl_country,-0.6520492842485089,0.6983343974827019,1
10,resistance_gap_to_eu,0.40333256402213585,0.6983343974827019,1
10,eu_resistance_change1,0.6983343974827019,0.6983343974827019,1
10,other_antibiotic_mean,-0.22826409695992741,0.6983343974827019,1
10,other_antibiotic_sd,-0.07660531649308987,0.6983343974827019,1
10,other_high_resistance_count,-0.30790314210468245,0.6983343974827019,1
10,country_profile_gap,-0.7596568597490332,0.6983343974827019,1
10,trend_x_volatility,0.09880225571982627,0.6983343974827019,1
10,resistance_x_consumption,-0.8362197177157547,0.6983343974827019,1
10,trend_x_consumption,0.0791620939130838,0.6983343974827019,1
10,resistance_x_eu_gap,0.07736451938393482,0.6983343974827019,1
10,origin_year_index,-0.9248094273868076,0.6983343974827019,1
11,family_consumption_lag1,-0.36471195617003327,0.46278925170755425,1
11,family_consumption_lag2,-0.2700018529733008,0.46278925170755425,1
11,family_consumption_lag3,-0.15687799383650275,0.46278925170755425,1
11,family_consumption_mean3,-0.21576592401266606,0.46278925170755425,1
11,family_consumption_sum3,-0.2364555099210832,0.46278925170755425,1
11,family_consumption_volatility3,-0.7914867965644411,0.46278925170755425,1
11,family_consumption_change1,0.005173787352233303,0.46278925170755425,1
11,family_consumption_trend3,0.19163420818568466,0.46278925170755425,1
11,consumption_community_lag1,-0.12879067410572825,0.46278925170755425,1
11,consumption_hospital_lag1,-0.17687051541911247,0.46278925170755425,1
11,hospital_community_ratio_lag1,-0.11773817664931714,0.46278925170755425,1
11,reserve_pct_lag1,-0.21778908163357205,0.46278925170755425,1
11,reserve_pct_lag2,-0.1108855263925085,0.46278925170755425,1
11,reserve_pct_lag3,-0.13023115506858463,0.46278925170755425,1
11,reserve_mean3,-0.11674364375906955,0.46278925170755425,1
11,reserve_change1,-0.36104374035266396,0.46278925170755425,1
11,ast_tested_per_100k,0.11171474096736433,0.46278925170755425,1
11,reported_resistant_per_100k,-0.12021041108227917,0.46278925170755425,1
11,tested_growth1,0.0364100144334514,0.46278925170755425,1
11,testing_volatility4,0.02029812930873796,0.46278925170755425,1
11,population,-0.02676627566008766,0.46278925170755425,1
11,age65_pct,-0.05689211503145536,0.46278925170755425,1
11,urban_pct,-0.062341381738830956,0.46278925170755425,1
11,gdp_per_capita,0.20454123781307995,0.46278925170755425,1
11,health_expenditure_pct_gdp,0.15304293651772077,0.46278925170755425,1
11,log_population,0.0032791325686529734,0.46278925170755425,1
11,population_growth1,0.46278925170755425,0.46278925170755425,1
11,population_growth3,0.04597875859541472,0.46278925170755425,1
11,age65_change1,0.18160308193651956,0.46278925170755425,1
11,urban_change1,-0.0098238528085309,0.46278925170755425,1
11,log_gdp_per_capita,0.3233268496746374,0.46278925170755425,1
11,gdp_growth1,0.07108223437647783,0.46278925170755425,1
11,health_expenditure_change1,-1.4415593736218049,0.46278925170755425,1
11,eu_resistance_excl_country,-0.02287280688546587,0.46278925170755425,1
11,resistance_gap_to_eu,-0.16894097657532625,0.46278925170755425,1
11,eu_resistance_change1,-0.41693156732482506,0.46278925170755425,1
11,other_antibiotic_mean,-0.015149071219600215,0.46278925170755425,1
11,other_antibiotic_sd,-0.029471942946472752,0.46278925170755425,1
11,other_high_resistance_count,-0.009280195300168976,0.46278925170755425,1
11,country_profile_gap,0.008732426941953995,0.46278925170755425,1
11,trend_x_volatility,0.40949898557107184,0.46278925170755425,1
11,resistance_x_consumption,-0.2751663076913216,0.46278925170755425,1
11,trend_x_consumption,0.02547949856590155,0.46278925170755425,1
11,resistance_x_eu_gap,-0.3067990438723549,0.46278925170755425,1
11,origin_year_index,-0.4471038602985993,0.46278925170755425,1
12,family_consumption_lag1,-0.3994178014631698,0.8953152328696143,1
12,family_consumption_lag2,-0.0013432278058636627,0.8953152328696143,1
12,family_consumption_lag3,0.048844424059655486,0.8953152328696143,1
12,family_consumption_mean3,-0.010567347054859077,0.8953152328696143,1
12,family_consumption_sum3,-0.00946581482887475,0.8953152328696143,1
12,family_consumption_volatility3,-0.6142629169855651,0.8953152328696143,1
12,family_consumption_change1,-1.2048604202196838,0.8953152328696143,1
12,family_consumption_trend3,-0.19527464465007527,0.8953152328696143,1
12,consumption_community_lag1,-0.29020594351831974,0.8953152328696143,1
12,consumption_hospital_lag1,-0.3515109740656908,0.8953152328696143,1
12,hospital_community_ratio_lag1,-0.36287333096616936,0.8953152328696143,1
12,reserve_pct_lag1,-0.6101486301626825,0.8953152328696143,1
12,reserve_pct_lag2,-0.45765344729707225,0.8953152328696143,1
12,reserve_pct_lag3,-0.4104852060425617,0.8953152328696143,1
12,reserve_mean3,-0.45325233961829275,0.8953152328696143,1
12,reserve_change1,-0.22560470894704854,0.8953152328696143,1
12,ast_tested_per_100k,0.32594252268921015,0.8953152328696143,1
12,reported_resistant_per_100k,-0.1414420289880625,0.8953152328696143,1
12,tested_growth1,-0.0011098963892417503,0.8953152328696143,1
12,testing_volatility4,0.0013795854110982442,0.8953152328696143,1
12,population,-0.03497455696043724,0.8953152328696143,1
12,age65_pct,-0.6184260447768379,0.8953152328696143,1
12,urban_pct,-0.462964742401259,0.8953152328696143,1
12,gdp_per_capita,0.014876279044841696,0.8953152328696143,1
12,health_expenditure_pct_gdp,-0.071823046864783,0.8953152328696143,1
12,log_population,0.08042742054993338,0.8953152328696143,1
12,population_growth1,0.8953152328696143,0.8953152328696143,1
12,population_growth3,0.2494614613937152,0.8953152328696143,1
12,age65_change1,0.14822572572471934,0.8953152328696143,1
12,urban_change1,-0.023039918432611304,0.8953152328696143,1
12,log_gdp_per_capita,0.24377078175436107,0.8953152328696143,1
12,gdp_growth1,0.08134633356552005,0.8953152328696143,1
12,health_expenditure_change1,-2.5731366821282586,0.8953152328696143,1
12,eu_resistance_excl_country,-0.6402017671150158,0.8953152328696143,1
12,resistance_gap_to_eu,0.7572770682164327,0.8953152328696143,1
12,eu_resistance_change1,-1.3801202894008995,0.8953152328696143,1
12,other_antibiotic_mean,-0.2539425244361459,0.8953152328696143,1
12,other_antibiotic_sd,-0.21195518040179237,0.8953152328696143,1
12,other_high_resistance_count,-0.2456865432700098,0.8953152328696143,1
12,country_profile_gap,-0.7440085651906077,0.8953152328696143,1
12,trend_x_volatility,-0.0881906207918178,0.8953152328696143,1
12,resistance_x_consumption,0.06748073754596473,0.8953152328696143,1
12,trend_x_consumption,-0.40177104022350657,0.8953152328696143,1
12,resistance_x_eu_gap,0.40893621480222375,0.8953152328696143,1
12,origin_year_index,-0.01825095706623351,0.8953152328696143,1
13,family_consumption_lag1,0.1513531142818094,0.18611510297193762,1
13,family_consumption_lag2,-0.04969629768573551,0.18611510297193762,1
13,family_consumption_lag3,0.18492837562149206,0.18611510297193762,1
13,family_consumption_mean3,-0.038500621046327115,0.18611510297193762,1
13,family_consumption_sum3,-0.05817523035047972,0.18611510297193762,1
13,family_consumption_volatility3,-0.42912413055752746,0.18611510297193762,1
13,family_consumption_change1,-0.20008469282291225,0.18611510297193762,1
13,family_consumption_trend3,-0.24664527429931,0.18611510297193762,1
13,consumption_community_lag1,0.04764640195558819,0.18611510297193762,1
13,consumption_hospital_lag1,-0.1459568822026573,0.18611510297193762,1
13,hospital_community_ratio_lag1,-0.009803623527070784,0.18611510297193762,1
13,reserve_pct_lag1,-0.4564986904994939,0.18611510297193762,1
13,reserve_pct_lag2,-0.3855363802486236,0.18611510297193762,1
13,reserve_pct_lag3,-0.39144275674748796,0.18611510297193762,1
13,reserve_mean3,-0.38562445463955897,0.18611510297193762,1
13,reserve_change1,-0.346602801116766,0.18611510297193762,1
13,ast_tested_per_100k,-0.10360322905768139,0.18611510297193762,1
13,reported_resistant_per_100k,-0.27796223759783334,0.18611510297193762,1
13,tested_growth1,-0.1242187381310343,0.18611510297193762,1
13,testing_volatility4,-0.04521702273106476,0.18611510297193762,1
13,population,-0.05172545023828171,0.18611510297193762,1
13,age65_pct,0.18611510297193762,0.18611510297193762,1
13,urban_pct,-0.042668488611579646,0.18611510297193762,1
13,gdp_per_capita,0.032476408946158615,0.18611510297193762,1
13,health_expenditure_pct_gdp,0.07900484337866907,0.18611510297193762,1
13,log_population,-0.07808046548947607,0.18611510297193762,1
13,population_growth1,-0.48140605905543976,0.18611510297193762,1
13,population_growth3,-1.5358703876195745,0.18611510297193762,1
13,age65_change1,-0.26211305454545825,0.18611510297193762,1
13,urban_change1,-0.10629784123138482,0.18611510297193762,1
13,log_gdp_per_capita,-0.009018538233628765,0.18611510297193762,1
13,gdp_growth1,-0.4863898524825166,0.18611510297193762,1
13,health_expenditure_change1,-1.638535192592968,0.18611510297193762,1
13,eu_resistance_excl_country,-0.3540068953670352,0.18611510297193762,1
13,resistance_gap_to_eu,0.18343207015876178,0.18611510297193762,1
13,eu_resistance_change1,-1.7523236148203167,0.18611510297193762,1
13,other_antibiotic_mean,-0.04324452194830845,0.18611510297193762,1
13,other_antibiotic_sd,-0.034577659218003085,0.18611510297193762,1
13,other_high_resistance_count,-0.10018188158013354,0.18611510297193762,1
13,country_profile_gap,-0.04892011395649252,0.18611510297193762,1
13,trend_x_volatility,-0.23718455068856573,0.18611510297193762,1
13,resistance_x_consumption,0.025382539994752977,0.18611510297193762,1
13,trend_x_consumption,-0.3652225110790629,0.18611510297193762,1
13,resistance_x_eu_gap,-0.4532237371194855,0.18611510297193762,1
13,origin_year_index,-1.279203843245801,0.18611510297193762,1
14,family_consumption_lag1,-0.292277819200069,0.4153873045587026,1
14,family_consumption_lag2,-0.001715683760112618,0.4153873045587026,1
14,family_consumption_lag3,0.03450368554178944,0.4153873045587026,1
14,family_consumption_mean3,0.029624947455208505,0.4153873045587026,1
14,family_consumption_sum3,-0.011026869427153934,0.4153873045587026,1
14,family_consumption_volatility3,-0.12957901676019246,0.4153873045587026,1
14,family_consumption_change1,-0.250393938072702,0.4153873045587026,1
14,family_consumption_trend3,0.4153873045587026,0.4153873045587026,1
14,consumption_community_lag1,-0.11096589274560337,0.4153873045587026,1
14,consumption_hospital_lag1,-0.3186505874554562,0.4153873045587026,1
14,hospital_community_ratio_lag1,-0.14085557355526887,0.4153873045587026,1
14,reserve_pct_lag1,-0.5126531708824018,0.4153873045587026,1
14,reserve_pct_lag2,-0.27502838815434855,0.4153873045587026,1
14,reserve_pct_lag3,-0.55851709418495,0.4153873045587026,1
14,reserve_mean3,-0.29491030420033965,0.4153873045587026,1
14,reserve_change1,-0.23875734873805804,0.4153873045587026,1
14,ast_tested_per_100k,0.25033651137817575,0.4153873045587026,1
14,reported_resistant_per_100k,-0.019533540905262155,0.4153873045587026,1
14,tested_growth1,-0.0871746030041868,0.4153873045587026,1
14,testing_volatility4,-0.04361789220737778,0.4153873045587026,1
14,population,-0.0407119483544901,0.4153873045587026,1
14,age65_pct,-0.41621346447557683,0.4153873045587026,1
14,urban_pct,-0.07470958479285258,0.4153873045587026,1
14,gdp_per_capita,0.13399783807654125,0.4153873045587026,1
14,health_expenditure_pct_gdp,0.04901319379276365,0.4153873045587026,1
14,log_population,-0.06772389776829295,0.4153873045587026,1
14,population_growth1,-0.05886104634020271,0.4153873045587026,1
14,population_growth3,-0.27512765737369876,0.4153873045587026,1
14,age65_change1,-0.07504030094852755,0.4153873045587026,1
14,urban_change1,-0.12433539565075084,0.4153873045587026,1
14,log_gdp_per_capita,0.17511177051919785,0.4153873045587026,1
14,gdp_growth1,-0.2102071040695264,0.4153873045587026,1
14,health_expenditure_change1,-1.1070174497216505,0.4153873045587026,1
14,eu_resistance_excl_country,-0.301864859731922,0.4153873045587026,1
14,resistance_gap_to_eu,-0.003536248368549405,0.4153873045587026,1
14,eu_resistance_change1,0.2427777935998398,0.4153873045587026,1
14,other_antibiotic_mean,-0.13009476253543983,0.4153873045587026,1
14,other_antibiotic_sd,-0.07072271658243576,0.4153873045587026,1
14,other_high_resistance_count,-0.327825482795703,0.4153873045587026,1
14,country_profile_gap,-0.8328136352978843,0.4153873045587026,1
14,trend_x_volatility,0.36974785738298477,0.4153873045587026,1
14,resistance_x_consumption,-0.007238212930452364,0.4153873045587026,1
14,trend_x_consumption,0.05247017360823191,0.4153873045587026,1
14,resistance_x_eu_gap,-0.06720161853207249,0.4153873045587026,1
14,origin_year_index,-0.19937636343545015,0.4153873045587026,1
15,family_consumption_lag1,0.02591259568296999,0.5317054655173014,1
15,family_consumption_lag2,-0.14551504892727918,0.5317054655173014,1
15,family_consumption_lag3,-0.2451033686940932,0.5317054655173014,1
15,family_consumption_mean3,-0.1474414901566084,0.5317054655173014,1
15,family_consumption_sum3,-0.22379071623612096,0.5317054655173014,1
15,family_consumption_volatility3,-0.5968280620594664,0.5317054655173014,1
15,family_consumption_change1,-0.3454884635804841,0.5317054655173014,1
15,family_consumption_trend3,-0.29460766959267387,0.5317054655173014,1
15,consumption_community_lag1,-0.059574843450295054,0.5317054655173014,1
15,consumption_hospital_lag1,-0.2099250031862944,0.5317054655173014,1
15,hospital_community_ratio_lag1,-0.15002438508068006,0.5317054655173014,1
15,reserve_pct_lag1,-0.3298078185210049,0.5317054655173014,1
15,reserve_pct_lag2,-0.22440880598537738,0.5317054655173014,1
15,reserve_pct_lag3,-0.36465201230961675,0.5317054655173014,1
15,reserve_mean3,-0.2418036047375739,0.5317054655173014,1
15,reserve_change1,-0.25812517976886534,0.5317054655173014,1
15,ast_tested_per_100k,-0.3071878706514783,0.5317054655173014,1
15,reported_resistant_per_100k,-0.4656219460751534,0.5317054655173014,1
15,tested_growth1,-0.13497515104627092,0.5317054655173014,1
15,testing_volatility4,-0.16567894453566823,0.5317054655173014,1
15,population,-0.028478661805171217,0.5317054655173014,1
15,age65_pct,0.1233419923977288,0.5317054655173014,1
15,urban_pct,-0.058119384769717244,0.5317054655173014,1
15,gdp_per_capita,0.2779584813098481,0.5317054655173014,1
15,health_expenditure_pct_gdp,0.0345865441092832,0.5317054655173014,1
15,log_population,-0.2785255728103283,0.5317054655173014,1
15,population_growth1,-0.17320386297099927,0.5317054655173014,1
15,population_growth3,-0.21776404732112964,0.5317054655173014,1
15,age65_change1,-0.30153392456444883,0.5317054655173014,1
15,urban_change1,-0.22481908370500736,0.5317054655173014,1
15,log_gdp_per_capita,0.35717265352734495,0.5317054655173014,1
15,gdp_growth1,-0.0740922607104837,0.5317054655173014,1
15,health_expenditure_change1,0.5317054655173014,0.5317054655173014,1
15,eu_resistance_excl_country,-0.12396579598046305,0.5317054655173014,1
15,resistance_gap_to_eu,-0.33049692281434745,0.5317054655173014,1
15,eu_resistance_change1,0.18789830759300083,0.5317054655173014,1
15,other_antibiotic_mean,-0.05200014897878656,0.5317054655173014,1
15,other_antibiotic_sd,-0.003843129866768879,0.5317054655173014,1
15,other_high_resistance_count,-0.06209848723989623,0.5317054655173014,1
15,country_profile_gap,-0.2587107731913491,0.5317054655173014,1
15,trend_x_volatility,-0.07702558191309138,0.5317054655173014,1
15,resistance_x_consumption,-0.21265069642272894,0.5317054655173014,1
15,trend_x_consumption,-0.04848751562089972,0.5317054655173014,1
15,resistance_x_eu_gap,-1.1206025007486193,0.5317054655173014,1
15,origin_year_index,-0.48226359351709935,0.5317054655173014,1
16,family_consumption_lag1,-0.540525340413378,0.545953850573972,1
16,family_consumption_lag2,-0.4915486561914603,0.545953850573972,1
16,family_consumption_lag3,-0.11159237278260109,0.545953850573972,1
16,family_consumption_mean3,-0.41179788466330786,0.545953850573972,1
16,family_consumption_sum3,-0.4097325823033412,0.545953850573972,1
16,family_consumption_volatility3,-0.23508361286445453,0.545953850573972,1
16,family_consumption_change1,-1.1034860755452363,0.545953850573972,1
16,family_consumption_trend3,-0.16071587630449818,0.545953850573972,1
16,consumption_community_lag1,-0.501299979459287,0.545953850573972,1
16,consumption_hospital_lag1,-0.18755264057223225,0.545953850573972,1
16,hospital_community_ratio_lag1,-0.5540191103433524,0.545953850573972,1
16,reserve_pct_lag1,-0.5384393425329502,0.545953850573972,1
16,reserve_pct_lag2,-0.579071031069758,0.545953850573972,1
16,reserve_pct_lag3,-0.16908959180335872,0.545953850573972,1
16,reserve_mean3,-0.5484800006174779,0.545953850573972,1
16,reserve_change1,-0.449885617604129,0.545953850573972,1
16,ast_tested_per_100k,0.13092380456591976,0.545953850573972,1
16,reported_resistant_per_100k,-0.030399535223264405,0.545953850573972,1
16,tested_growth1,-0.19878212820298133,0.545953850573972,1
16,testing_volatility4,-0.2574310814743373,0.545953850573972,1
16,population,-0.04283625884869561,0.545953850573972,1
16,age65_pct,-0.32624488288606207,0.545953850573972,1
16,urban_pct,-0.2005643868677896,0.545953850573972,1
16,gdp_per_capita,0.27866716892956983,0.545953850573972,1
16,health_expenditure_pct_gdp,0.07581367798197514,0.545953850573972,1
16,log_population,0.0018515462482955707,0.545953850573972,1
16,population_growth1,0.1855979585570473,0.545953850573972,1
16,population_growth3,0.48853309627946756,0.545953850573972,1
16,age65_change1,0.030186866948658006,0.545953850573972,1
16,urban_change1,-0.12702067999042124,0.545953850573972,1
16,log_gdp_per_capita,0.31503247040592974,0.545953850573972,1
16,gdp_growth1,-0.4052222582703988,0.545953850573972,1
16,health_expenditure_change1,-0.8895532033274731,0.545953850573972,1
16,eu_resistance_excl_country,-0.13539943865909543,0.545953850573972,1
16,resistance_gap_to_eu,0.1583374397320626,0.545953850573972,1
16,eu_resistance_change1,-0.09932408636672864,0.545953850573972,1
16,other_antibiotic_mean,0.0006897968933976869,0.545953850573972,1
16,other_antibiotic_sd,0.0041772032425195045,0.545953850573972,1
16,other_high_resistance_count,-0.047835474493271066,0.545953850573972,1
16,country_profile_gap,0.07925720734724781,0.545953850573972,1
16,trend_x_volatility,0.3040780468467094,0.545953850573972,1
16,resistance_x_consumption,-0.41512617266438745,0.545953850573972,1
16,trend_x_consumption,0.545953850573972,0.545953850573972,1
16,resistance_x_eu_gap,-0.20246235877451144,0.545953850573972,1
16,origin_year_index,-0.21689351537648727,0.545953850573972,1
17,family_consumption_lag1,-0.009541160470224592,0.49037337994432617,1
17,family_consumption_lag2,0.0789178324145132,0.49037337994432617,1
17,family_consumption_lag3,-0.14151435185457864,0.49037337994432617,1
17,family_consumption_mean3,0.06936969401063836,0.49037337994432617,1
17,family_consumption_sum3,0.05495886273387689,0.49037337994432617,1
17,family_consumption_volatility3,-0.8364139117741162,0.49037337994432617,1
17,family_consumption_change1,-0.5169840786449792,0.49037337994432617,1
17,family_consumption_trend3,-0.589661769733224,0.49037337994432617,1
17,consumption_community_lag1,0.05082267119684802,0.49037337994432617,1
17,consumption_hospital_lag1,-0.2416041952261136,0.49037337994432617,1
17,hospital_community_ratio_lag1,-0.39403708944671306,0.49037337994432617,1
17,reserve_pct_lag1,-0.26777563423088585,0.49037337994432617,1
17,reserve_pct_lag2,-0.27462034027956345,0.49037337994432617,1
17,reserve_pct_lag3,-0.7442319283069544,0.49037337994432617,1
17,reserve_mean3,-0.2816990240646009,0.49037337994432617,1
17,reserve_change1,-0.25266188628557207,0.49037337994432617,1
17,ast_tested_per_100k,0.22483628733447342,0.49037337994432617,1
17,reported_resistant_per_100k,-0.1402667751431348,0.49037337994432617,1
17,tested_growth1,-0.20586964088397422,0.49037337994432617,1
17,testing_volatility4,-0.01677968590337736,0.49037337994432617,1
17,population,-0.05052420290922288,0.49037337994432617,1
17,age65_pct,-0.4725822263307229,0.49037337994432617,1
17,urban_pct,-0.22891361305166733,0.49037337994432617,1
17,gdp_per_capita,0.18946498354129168,0.49037337994432617,1
17,health_expenditure_pct_gdp,-0.11720651701502421,0.49037337994432617,1
17,log_population,0.116118299303984,0.49037337994432617,1
17,population_growth1,0.2343532695027704,0.49037337994432617,1
17,population_growth3,0.28218677057547836,0.49037337994432617,1
17,age65_change1,0.38262419544131365,0.49037337994432617,1
17,urban_change1,-0.029659359837525007,0.49037337994432617,1
17,log_gdp_per_capita,0.49037337994432617,0.49037337994432617,1
17,gdp_growth1,-0.11053003115455964,0.49037337994432617,1
17,health_expenditure_change1,-1.8162975679194968,0.49037337994432617,1
17,eu_resistance_excl_country,-0.10934953580994243,0.49037337994432617,1
17,resistance_gap_to_eu,-0.20701499111337876,0.49037337994432617,1
17,eu_resistance_change1,-0.5786642025136596,0.49037337994432617,1
17,other_antibiotic_mean,-0.04840176459721746,0.49037337994432617,1
17,other_antibiotic_sd,-0.07371083334527381,0.49037337994432617,1
17,other_high_resistance_count,0.027694074793775385,0.49037337994432617,1
17,country_profile_gap,-0.4292112111287918,0.49037337994432617,1
17,trend_x_volatility,-0.012014462774433656,0.49037337994432617,1
17,resistance_x_consumption,0.02448559461663953,0.49037337994432617,1
17,trend_x_consumption,-0.41593817396056354,0.49037337994432617,1
17,resistance_x_eu_gap,-0.014156962905164466,0.49037337994432617,1
17,origin_year_index,-0.9567376944410886,0.49037337994432617,1
18,family_consumption_lag1,-0.028404615332138047,0.4613598278399495,1
18,family_consumption_lag2,0.039568249551172094,0.4613598278399495,1
18,family_consumption_lag3,-0.0759901011585399,0.4613598278399495,1
18,family_consumption_mean3,0.015246858457409132,0.4613598278399495,1
18,family_consumption_sum3,0.033717536133428136,0.4613598278399495,1
18,family_consumption_volatility3,-0.5164503969536329,0.4613598278399495,1
18,family_consumption_change1,-0.24733288542371695,0.4613598278399495,1
18,family_consumption_trend3,-0.2849036591066233,0.4613598278399495,1
18,consumption_community_lag1,-0.045788358156261845,0.4613598278399495,1
18,consumption_hospital_lag1,-0.03318708117529766,0.4613598278399495,1
18,hospital_community_ratio_lag1,-0.20002648376889712,0.4613598278399495,1
18,reserve_pct_lag1,-0.22913925198003707,0.4613598278399495,1
18,reserve_pct_lag2,-0.33280889205285236,0.4613598278399495,1
18,reserve_pct_lag3,-0.24861690158137478,0.4613598278399495,1
18,reserve_mean3,-0.3564713774509898,0.4613598278399495,1
18,reserve_change1,-0.39442097960494304,0.4613598278399495,1
18,ast_tested_per_100k,0.15038650657529362,0.4613598278399495,1
18,reported_resistant_per_100k,-0.03875934674867271,0.4613598278399495,1
18,tested_growth1,-0.2359147038608598,0.4613598278399495,1
18,testing_volatility4,0.033653508074943696,0.4613598278399495,1
18,population,-0.013986368999325425,0.4613598278399495,1
18,age65_pct,0.28771023940620233,0.4613598278399495,1
18,urban_pct,-0.04677154796608841,0.4613598278399495,1
18,gdp_per_capita,0.3882854630251663,0.4613598278399495,1
18,health_expenditure_pct_gdp,-0.09473853957704789,0.4613598278399495,1
18,log_population,0.01097364371613166,0.4613598278399495,1
18,population_growth1,0.2267639122358143,0.4613598278399495,1
18,population_growth3,0.050085455837783815,0.4613598278399495,1
18,age65_change1,-0.15917646814838823,0.4613598278399495,1
18,urban_change1,-0.04073280852641372,0.4613598278399495,1
18,log_gdp_per_capita,0.4613598278399495,0.4613598278399495,1
18,gdp_growth1,-0.17908318623532044,0.4613598278399495,1
18,health_expenditure_change1,-1.5563742371531506,0.4613598278399495,1
18,eu_resistance_excl_country,-0.4842101443847238,0.4613598278399495,1
18,resistance_gap_to_eu,0.44988046454674124,0.4613598278399495,1
18,eu_resistance_change1,-0.6708916498909702,0.4613598278399495,1
18,other_antibiotic_mean,-0.039628388832229584,0.4613598278399495,1
18,other_antibiotic_sd,-0.07024484168348197,0.4613598278399495,1
18,other_high_resistance_count,-0.05392761926917368,0.4613598278399495,1
18,country_profile_gap,-0.3602712801438111,0.4613598278399495,1
18,trend_x_volatility,-0.07329699984877593,0.4613598278399495,1
18,resistance_x_consumption,0.03866332610678543,0.4613598278399495,1
18,trend_x_consumption,-1.430818606027488,0.4613598278399495,1
18,resistance_x_eu_gap,-0.04876827924286982,0.4613598278399495,1
18,origin_year_index,-0.26742327603208,0.4613598278399495,1
19,family_consumption_lag1,0.09290677355801343,0.6738155330508726,1
19,family_consumption_lag2,-0.21426794809926358,0.6738155330508726,1
19,family_consumption_lag3,-0.23995823827871485,0.6738155330508726,1
19,family_consumption_mean3,-0.15086722310216827,0.6738155330508726,1
19,family_consumption_sum3,-0.2203865331917157,0.6738155330508726,1
19,family_consumption_volatility3,-0.38174243709196465,0.6738155330508726,1
19,family_consumption_change1,0.06625474714877888,0.6738155330508726,1
19,family_consumption_trend3,-1.0054007306831856,0.6738155330508726,1
19,consumption_community_lag1,-0.0010067096126759427,0.6738155330508726,1
19,consumption_hospital_lag1,-0.1717823430399492,0.6738155330508726,1
19,hospital_community_ratio_lag1,-0.2610509923024994,0.6738155330508726,1
19,reserve_pct_lag1,-0.35974806332307624,0.6738155330508726,1
19,reserve_pct_lag2,-0.17059437939027344,0.6738155330508726,1
19,reserve_pct_lag3,-0.3328470015689897,0.6738155330508726,1
19,reserve_mean3,-0.1740000312891337,0.6738155330508726,1
19,reserve_change1,-0.22871463216402735,0.6738155330508726,1
19,ast_tested_per_100k,0.23639486427556278,0.6738155330508726,1
19,reported_resistant_per_100k,0.008291915341169458,0.6738155330508726,1
19,tested_growth1,0.0011053039478681036,0.6738155330508726,1
19,testing_volatility4,-0.26234118950435287,0.6738155330508726,1
19,population,0.02079374256380067,0.6738155330508726,1
19,age65_pct,-0.18099636685027357,0.6738155330508726,1
19,urban_pct,-0.09104114396601605,0.6738155330508726,1
19,gdp_per_capita,0.061092957272245604,0.6738155330508726,1
19,health_expenditure_pct_gdp,0.07104655892143928,0.6738155330508726,1
19,log_population,0.0889489047138266,0.6738155330508726,1
19,population_growth1,0.042146642373037266,0.6738155330508726,1
19,population_growth3,0.18774013677043885,0.6738155330508726,1
19,age65_change1,-0.13537735896399147,0.6738155330508726,1
19,urban_change1,0.14114532213954695,0.6738155330508726,1
19,log_gdp_per_capita,0.1782540204790449,0.6738155330508726,1
19,gdp_growth1,-0.10891867244243217,0.6738155330508726,1
19,health_expenditure_change1,-1.5007966239582153,0.6738155330508726,1
19,eu_resistance_excl_country,-0.09906138767395957,0.6738155330508726,1
19,resistance_gap_to_eu,-0.12192859711587327,0.6738155330508726,1
19,eu_resistance_change1,-1.4541182918399949,0.6738155330508726,1
19,other_antibiotic_mean,-0.05609209752768323,0.6738155330508726,1
19,other_antibiotic_sd,-0.045096237914889314,0.6738155330508726,1
19,other_high_resistance_count,0.0805062513437499,0.6738155330508726,1
19,country_profile_gap,0.08859860220697922,0.6738155330508726,1
19,trend_x_volatility,0.3586159605916231,0.6738155330508726,1
19,resistance_x_consumption,0.02377883787191488,0.6738155330508726,1
19,trend_x_consumption,-0.6769442844357372,0.6738155330508726,1
19,resistance_x_eu_gap,0.12674911107704687,0.6738155330508726,1
19,origin_year_index,0.6738155330508726,0.6738155330508726,1
