country,iso3,year,target_year,antibiotic,resistance_pct,observed,target_tested,prediction,persistence_prediction,model_error,persistence_error,horizon,evaluation
Austria,AUT,2018,2021,Aminoglycosides,8.226495726495726,5.7518796992481205,5320.0,6.996798287065604,8.226495726495726,-1.2449185878174838,-2.474616027247605,3,Penalized country partial pooling
Austria,AUT,2018,2021,Aminopenicillins,50.65982404692082,45.09885535900104,4805.0,47.07067468940241,50.65982404692082,-1.9718193304013667,-5.560968687919775,3,Penalized country partial pooling
Austria,AUT,2018,2021,Carbapenems,0.0718907260963335,0.0192086054552439,5206.0,0.007664931818673698,0.0718907260963335,0.011543673636570204,-0.0526821206410896,3,Penalized country partial pooling
Austria,AUT,2018,2021,Fluoroquinolones,21.852438809649588,15.074923271348618,5539.0,18.080875342539322,21.852438809649588,-3.0059520711907037,-6.777515538300969,3,Penalized country partial pooling
Austria,AUT,2018,2021,Third-generation cephalosporins,10.208039492242596,8.289687556438505,5537.0,9.831437129423257,10.208039492242596,-1.5417495729847523,-1.9183519358040915,3,Penalized country partial pooling
Belgium,BEL,2018,2021,Aminoglycosides,7.404500261643118,6.06983829388329,4267.0,7.1066548203416895,7.404500261643118,-1.0368165264583995,-1.3346619677598284,3,Penalized country partial pooling
Belgium,BEL,2018,2021,Aminopenicillins,55.79302587176603,55.20619731146047,4389.0,55.63065546446398,55.79302587176603,-0.4244581530035063,-0.5868285603055554,3,Penalized country partial pooling
Belgium,BEL,2018,2021,Carbapenems,0.0646412411118293,0.0423549343498517,4722.0,0.0683736014851854,0.0646412411118293,-0.026018667135333698,-0.022286306761977598,3,Penalized country partial pooling
Belgium,BEL,2018,2021,Fluoroquinolones,21.80004749465685,18.534208854056345,4721.0,19.099311833683576,21.80004749465685,-0.5651029796272304,-3.2658386406005064,3,Penalized country partial pooling
Belgium,BEL,2018,2021,Third-generation cephalosporins,9.022394487510766,8.260961660665114,4721.0,9.680882432348033,9.022394487510766,-1.4199207716829196,-0.7614328268456525,3,Penalized country partial pooling
Bulgaria,BGR,2018,2021,Aminoglycosides,28.363636363636363,26.99619771863118,263.0,33.880127391390715,28.363636363636363,-6.883929672759535,-1.3674386450051834,3,Penalized country partial pooling
Bulgaria,BGR,2018,2021,Aminopenicillins,66.55052264808363,61.21673003802282,263.0,66.6071960553993,66.55052264808363,-5.3904660173764825,-5.3337926100608115,3,Penalized country partial pooling
Bulgaria,BGR,2018,2021,Carbapenems,1.36986301369863,0.3802281368821292,263.0,0.9269665994341074,1.36986301369863,-0.5467384625519782,-0.9896348768165009,3,Penalized country partial pooling
Bulgaria,BGR,2018,2021,Fluoroquinolones,41.78082191780822,33.460076045627375,263.0,41.24141232205458,41.78082191780822,-7.781336276427204,-8.320745872180844,3,Penalized country partial pooling
Bulgaria,BGR,2018,2021,Third-generation cephalosporins,38.6986301369863,37.26235741444867,263.0,39.92260680194941,38.6986301369863,-2.660249387500734,-1.4362727225376304,3,Penalized country partial pooling
Cyprus,CYP,2018,2021,Aminoglycosides,19.86754966887417,19.791666666666668,192.0,18.628662378368375,19.86754966887417,1.1630042882982927,-0.075883002207501,3,Penalized country partial pooling
Cyprus,CYP,2018,2021,Aminopenicillins,64.90066225165563,70.15706806282722,191.0,66.94740302917775,64.90066225165563,3.209665033649472,5.2564058111715894,3,Penalized country partial pooling
Cyprus,CYP,2018,2021,Carbapenems,2.0,1.0416666666666667,192.0,0.08744954996460774,2.0,0.954217116702059,-0.9583333333333333,3,Penalized country partial pooling
Cyprus,CYP,2018,2021,Fluoroquinolones,42.3841059602649,51.5625,192.0,45.11519975125049,42.3841059602649,6.447300248749507,9.178394039735103,3,Penalized country partial pooling
Cyprus,CYP,2018,2021,Third-generation cephalosporins,37.086092715231786,32.8125,192.0,30.9338392394436,37.086092715231786,1.8786607605564,-4.273592715231786,3,Penalized country partial pooling
Czechia,CZE,2018,2021,Aminoglycosides,9.470216854241013,9.608177172061328,2935.0,10.173551805071233,9.470216854241013,-0.5653746330099043,0.13796031782031548,3,Penalized country partial pooling
Czechia,CZE,2018,2021,Aminopenicillins,54.2032967032967,51.43149284253579,2934.0,54.196795457293234,54.2032967032967,-2.765302614757445,-2.7718038607609117,3,Penalized country partial pooling
Czechia,CZE,2018,2021,Carbapenems,0.0570776255707762,0.0,1342.0,0.07477589721383143,0.0570776255707762,-0.07477589721383143,-0.0570776255707762,3,Penalized country partial pooling
Czechia,CZE,2018,2021,Fluoroquinolones,24.271577789994502,19.700068166325835,2934.0,21.356553936655946,24.271577789994502,-1.6564857703301108,-4.571509623668668,3,Penalized country partial pooling
Czechia,CZE,2018,2021,Third-generation cephalosporins,15.21560010985993,14.417177914110429,2934.0,14.630792169341156,15.21560010985993,-0.21361425523072697,-0.7984221957495006,3,Penalized country partial pooling
Germany,DEU,2018,2021,Aminoglycosides,6.87806230932791,5.596240026232375,27447.0,7.073532955401317,6.87806230932791,-1.477292929168942,-1.2818222830955346,3,Penalized country partial pooling
Germany,DEU,2018,2021,Aminopenicillins,49.22988340290773,45.61052631578947,28500.0,46.92764413267923,49.22988340290773,-1.3171178168897555,-3.61935708711826,3,Penalized country partial pooling
Germany,DEU,2018,2021,Carbapenems,0.0182174249669809,0.0413579183181113,29015.0,0.0,0.0182174249669809,0.0413579183181113,0.0231404933511304,3,Penalized country partial pooling
Germany,DEU,2018,2021,Fluoroquinolones,19.82876400400765,14.660137255578164,28997.0,17.416082251935528,19.82876400400765,-2.755944996357364,-5.168626748429485,3,Penalized country partial pooling
Germany,DEU,2018,2021,Third-generation cephalosporins,12.197007594706443,9.096860893835498,29021.0,11.380300819333762,12.197007594706443,-2.2834399254982642,-3.100146700870946,3,Penalized country partial pooling
Denmark,DNK,2018,2021,Aminoglycosides,5.7481921008715,4.354329400033239,6017.0,5.656468863195243,5.7481921008715,-1.3021394631620034,-1.3938627008382607,3,Penalized country partial pooling
Denmark,DNK,2018,2021,Aminopenicillins,45.95950213635519,41.50974837527079,6001.0,44.99287420641705,45.95950213635519,-3.4831258311462605,-4.449753761084402,3,Penalized country partial pooling
Denmark,DNK,2018,2021,Carbapenems,0.0,0.1026518391787852,5845.0,0.0,0.0,0.1026518391787852,0.1026518391787852,3,Penalized country partial pooling
Denmark,DNK,2018,2021,Fluoroquinolones,13.256591162272558,10.472074468085106,6016.0,12.314664545236418,13.256591162272558,-1.8425900771513124,-2.7845166941874524,3,Penalized country partial pooling
Denmark,DNK,2018,2021,Third-generation cephalosporins,7.65570039313056,6.166912850812408,5416.0,7.203231134246734,7.65570039313056,-1.0363182834343263,-1.4887875423181516,3,Penalized country partial pooling
Spain,ESP,2018,2021,Aminoglycosides,14.12165572942958,12.395929694727103,7567.0,13.616753302166332,14.12165572942958,-1.220823607439229,-1.7257260347024772,3,Penalized country partial pooling
Spain,ESP,2018,2021,Aminopenicillins,62.92933280694828,56.21201413427562,7075.0,59.38123321638924,62.92933280694828,-3.169219082113621,-6.717318672672661,3,Penalized country partial pooling
Spain,ESP,2018,2021,Carbapenems,0.0378596668349318,0.1445318773084952,6227.0,0.10482822992891822,0.0378596668349318,0.03970364737957699,0.1066722104735634,3,Penalized country partial pooling
Spain,ESP,2018,2021,Fluoroquinolones,32.11659663865546,26.614714040417383,7571.0,29.074997165886348,32.11659663865546,-2.4602831254689654,-5.501882598238076,3,Penalized country partial pooling
Spain,ESP,2018,2021,Third-generation cephalosporins,13.757415120535152,13.158249158249156,7425.0,14.3721537850599,13.757415120535152,-1.213904626810745,-0.599165962285996,3,Penalized country partial pooling
Estonia,EST,2018,2021,Aminoglycosides,6.24263839811543,5.50755939524838,926.0,7.261386182372059,6.24263839811543,-1.7538267871236783,-0.7350790028670495,3,Penalized country partial pooling
Estonia,EST,2018,2021,Aminopenicillins,43.54485776805252,41.124260355029584,338.0,44.67077856099143,43.54485776805252,-3.5465182059618456,-2.4205974130229393,3,Penalized country partial pooling
Estonia,EST,2018,2021,Carbapenems,0.0,0.0,826.0,0.0,0.0,0.0,0.0,3,Penalized country partial pooling
Estonia,EST,2018,2021,Fluoroquinolones,17.61158021712907,13.449023861171366,922.0,17.077939767464724,17.61158021712907,-3.628915906293358,-4.162556355957705,3,Penalized country partial pooling
Estonia,EST,2018,2021,Third-generation cephalosporins,9.764705882352942,8.073196986006458,929.0,9.964421118808426,9.764705882352942,-1.8912241328019679,-1.691508896346484,3,Penalized country partial pooling
Finland,FIN,2018,2021,Aminoglycosides,4.257528556593977,4.136504653567736,5802.0,5.038747898232302,4.257528556593977,-0.9022432446645654,-0.12102390302624055,3,Penalized country partial pooling
Finland,FIN,2018,2021,Aminopenicillins,35.34675615212528,31.72804532577904,3177.0,34.64203836433445,35.34675615212528,-2.9139930385554074,-3.6187108263462413,3,Penalized country partial pooling
Finland,FIN,2018,2021,Carbapenems,0.0197745699031046,0.0,5801.0,0.0,0.0197745699031046,0.0,-0.0197745699031046,3,Penalized country partial pooling
Finland,FIN,2018,2021,Fluoroquinolones,11.481261154074955,9.565667011375387,5802.0,11.225005338124333,11.481261154074955,-1.659338326748946,-1.9155941426995682,3,Penalized country partial pooling
Finland,FIN,2018,2021,Third-generation cephalosporins,7.609561752988048,6.6045869977582345,5799.0,7.459601938977208,7.609561752988048,-0.8550149412189736,-1.0049747552298136,3,Penalized country partial pooling
France,FRA,2018,2021,Aminoglycosides,7.39233086379549,5.8233727978247325,17653.0,6.789065841175311,7.39233086379549,-0.9656930433505782,-1.5689580659707572,3,Penalized country partial pooling
France,FRA,2018,2021,Aminopenicillins,55.6122042539632,52.26476900485711,17706.0,54.811285944147585,55.6122042539632,-2.546516939290477,-3.3474352491060912,3,Penalized country partial pooling
France,FRA,2018,2021,Carbapenems,0.048390999274135,0.051293742163456,17546.0,0.0,0.048390999274135,0.051293742163456,0.0029027428893209986,3,Penalized country partial pooling
France,FRA,2018,2021,Fluoroquinolones,16.322430282086312,14.756586793884852,18446.0,15.55618667967163,16.322430282086312,-0.7995998857867779,-1.5658434882014607,3,Penalized country partial pooling
France,FRA,2018,2021,Third-generation cephalosporins,9.592516251783731,8.342674139311448,18735.0,10.223850018666576,9.592516251783731,-1.881175879355128,-1.2498421124722832,3,Penalized country partial pooling
Greece,GRC,2018,2021,Aminoglycosides,15.492957746478874,18.636995827538247,719.0,15.538164489981868,15.492957746478874,3.098831337556378,3.1440380810593727,3,Penalized country partial pooling
Greece,GRC,2018,2021,Aminopenicillins,57.54847645429363,59.78456014362657,557.0,56.037855050163515,57.54847645429363,3.7467050934630564,2.2360836893329434,3,Penalized country partial pooling
Greece,GRC,2018,2021,Carbapenems,1.0365853658536586,1.098901098901099,728.0,0.9096384186455568,1.0365853658536586,0.18926268025554216,0.062315733047440425,3,Penalized country partial pooling
Greece,GRC,2018,2021,Fluoroquinolones,30.778663396689147,33.92857142857143,728.0,30.098975909014506,30.778663396689147,3.829595519556925,3.1499080318822834,3,Penalized country partial pooling
Greece,GRC,2018,2021,Third-generation cephalosporins,19.32926829268293,21.733149931224208,727.0,20.130262976078043,19.32926829268293,1.6028869551461646,2.4038816385412787,3,Penalized country partial pooling
Croatia,HRV,2018,2021,Aminoglycosides,14.87603305785124,11.724137931034482,725.0,14.578984493783782,14.87603305785124,-2.8548465627493,-3.1518951268167577,3,Penalized country partial pooling
Croatia,HRV,2018,2021,Aminopenicillins,57.74299835255354,55.76923076923077,728.0,57.408902798542144,57.74299835255354,-1.6396720293113773,-1.9737675833227755,3,Penalized country partial pooling
Croatia,HRV,2018,2021,Carbapenems,0.0,0.0,686.0,0.40660182145386237,0.0,-0.40660182145386237,0.0,3,Penalized country partial pooling
Croatia,HRV,2018,2021,Fluoroquinolones,30.025020850708923,28.9875173370319,721.0,28.923701850603653,30.025020850708923,0.06381548642824697,-1.0375035136770236,3,Penalized country partial pooling
Croatia,HRV,2018,2021,Third-generation cephalosporins,14.811643835616438,18.59504132231405,726.0,17.77870688685734,14.811643835616438,0.8163344354567101,3.783397486697611,3,Penalized country partial pooling
Hungary,HUN,2018,2021,Aminoglycosides,17.402826855123674,17.496962332928312,2469.0,15.566279036359047,17.402826855123674,1.9306832965692653,0.09413547780463816,3,Penalized country partial pooling
Hungary,HUN,2018,2021,Aminopenicillins,62.71626297577855,58.50640742377375,2263.0,59.329195663891724,62.71626297577855,-0.8227882401179727,-4.209855552004797,3,Penalized country partial pooling
Hungary,HUN,2018,2021,Carbapenems,0.0,0.0,2391.0,0.0001927876595696279,0.0,-0.0001927876595696279,0.0,3,Penalized country partial pooling
Hungary,HUN,2018,2021,Fluoroquinolones,33.24873096446701,28.04878048780488,2460.0,29.984491487302716,33.24873096446701,-1.9357109994978359,-5.199950476662128,3,Penalized country partial pooling
Hungary,HUN,2018,2021,Third-generation cephalosporins,22.616033755274263,20.40485829959514,2470.0,20.303448300527577,22.616033755274263,0.1014099990675632,-2.211175455679122,3,Penalized country partial pooling
Ireland,IRL,2018,2021,Aminoglycosides,11.735639283508338,9.573002754820935,2904.0,11.116255309098397,11.735639283508338,-1.543252554277462,-2.1626365286874023,3,Penalized country partial pooling
Ireland,IRL,2018,2021,Aminopenicillins,67.62434352795799,63.00897170462388,2898.0,66.13910910528867,67.62434352795799,-3.130137400664786,-4.615371823334108,3,Penalized country partial pooling
Ireland,IRL,2018,2021,Carbapenems,0.0,0.0,2891.0,0.08264207876784892,0.0,-0.08264207876784892,0.0,3,Penalized country partial pooling
Ireland,IRL,2018,2021,Fluoroquinolones,23.903644224830146,15.976535541752932,2898.0,19.43479088641401,23.903644224830146,-3.4582553446610778,-7.927108683077213,3,Penalized country partial pooling
Ireland,IRL,2018,2021,Third-generation cephalosporins,12.882298424467098,9.955218739235274,2903.0,12.432108924091688,12.882298424467098,-2.4768901848564138,-2.927079685231824,3,Penalized country partial pooling
Iceland,ISL,2018,2021,Aminoglycosides,6.091370558375634,9.352517985611511,278.0,7.710945628338535,6.091370558375634,1.6415723572729766,3.261147427235877,3,Penalized country partial pooling
Iceland,ISL,2018,2021,Aminopenicillins,48.98989898989899,46.57039711191336,277.0,49.45489927289307,48.98989898989899,-2.8845021609797143,-2.419501877985631,3,Penalized country partial pooling
Iceland,ISL,2018,2021,Carbapenems,0.0,0.0,276.0,0.055891366976034154,0.0,-0.055891366976034154,0.0,3,Penalized country partial pooling
Iceland,ISL,2018,2021,Fluoroquinolones,17.1875,14.440433212996387,277.0,14.18332862818881,17.1875,0.2571045848075766,-2.7470667870036127,3,Penalized country partial pooling
Iceland,ISL,2018,2021,Third-generation cephalosporins,8.080808080808081,10.431654676258994,278.0,9.838668873838358,8.080808080808081,0.5929858024206354,2.3508465954509123,3,Penalized country partial pooling
Italy,ITA,2018,2021,Aminoglycosides,16.043016162505502,13.498454911508569,21358.0,15.004045419672531,16.043016162505502,-1.5055905081639622,-2.5445612509969333,3,Penalized country partial pooling
Italy,ITA,2018,2021,Aminopenicillins,64.4763042612505,59.64102564102564,5850.0,64.56737472105308,64.4763042612505,-4.9263490800274425,-4.835278620224862,3,Penalized country partial pooling
Italy,ITA,2018,2021,Carbapenems,0.3688842868237121,0.4262533301041414,20645.0,0.5352889041935321,0.3688842868237121,-0.10903557408939074,0.0573690432804293,3,Penalized country partial pooling
Italy,ITA,2018,2021,Fluoroquinolones,41.6630306052484,33.361057203585624,21642.0,38.841980823652875,41.6630306052484,-5.4809236200672515,-8.301973401662778,3,Penalized country partial pooling
Italy,ITA,2018,2021,Third-generation cephalosporins,28.69624069402572,24.3777686441065,21897.0,27.04931423270848,28.69624069402572,-2.6715455886019797,-4.318472049919222,3,Penalized country partial pooling
Lithuania,LTU,2018,2021,Aminoglycosides,7.887579329102448,8.326029798422436,1141.0,8.711965597808005,7.887579329102448,-0.3859357993855692,0.43845046931998777,3,Penalized country partial pooling
Lithuania,LTU,2018,2021,Aminopenicillins,58.95117540687161,57.10549258936356,1147.0,57.68800433972268,58.95117540687161,-0.5825117503591244,-1.845682817508056,3,Penalized country partial pooling
Lithuania,LTU,2018,2021,Carbapenems,0.0,0.2610966057441253,1149.0,0.012392135360914172,0.0,0.24870447038321114,0.2610966057441253,3,Penalized country partial pooling
Lithuania,LTU,2018,2021,Fluoroquinolones,19.65579710144928,17.647058823529413,1139.0,20.402909958295428,19.65579710144928,-2.755851134766015,-2.0087382779198677,3,Penalized country partial pooling
Lithuania,LTU,2018,2021,Third-generation cephalosporins,15.32912533814247,13.616652211621856,1153.0,17.478182670806454,15.32912533814247,-3.861530459184598,-1.7124731265206137,3,Penalized country partial pooling
Luxembourg,LUX,2018,2021,Aminoglycosides,7.328605200945627,8.757062146892656,354.0,8.79987738828742,7.328605200945627,-0.04281524139476467,1.4284569459470289,3,Penalized country partial pooling
Luxembourg,LUX,2018,2021,Aminopenicillins,55.23809523809524,53.40909090909091,352.0,55.57182345704435,55.23809523809524,-2.1627325479534463,-1.8290043290043343,3,Penalized country partial pooling
Luxembourg,LUX,2018,2021,Carbapenems,0.0,0.0,354.0,0.0,0.0,0.0,0.0,3,Penalized country partial pooling
Luxembourg,LUX,2018,2021,Fluoroquinolones,21.770334928229666,20.90395480225989,354.0,21.466667348449686,21.770334928229666,-0.5627125461897968,-0.8663801259697763,3,Penalized country partial pooling
Luxembourg,LUX,2018,2021,Third-generation cephalosporins,12.5,11.299435028248588,354.0,11.659128434605185,12.5,-0.3596934063565964,-1.2005649717514117,3,Penalized country partial pooling
Latvia,LVA,2018,2021,Aminoglycosides,8.908045977011493,10.913705583756345,394.0,11.733738618537492,8.908045977011493,-0.8200330347811473,2.0056596067448513,3,Penalized country partial pooling
Latvia,LVA,2018,2021,Aminopenicillins,56.19596541786744,49.41860465116279,344.0,58.13321932912835,56.19596541786744,-8.714614677965564,-6.777360766704653,3,Penalized country partial pooling
Latvia,LVA,2018,2021,Carbapenems,0.0,0.0,393.0,0.3551464476969974,0.0,-0.3551464476969974,0.0,3,Penalized country partial pooling
Latvia,LVA,2018,2021,Fluoroquinolones,24.127906976744185,20.663265306122447,392.0,25.2841518313975,24.127906976744185,-4.620886525275054,-3.464641670621738,3,Penalized country partial pooling
Latvia,LVA,2018,2021,Third-generation cephalosporins,20.40229885057472,18.3206106870229,393.0,20.799012919474464,20.40229885057472,-2.4784022324515647,-2.0816881635518207,3,Penalized country partial pooling
Malta,MLT,2018,2021,Aminoglycosides,9.939759036144578,12.709030100334449,299.0,11.060317418642597,9.939759036144578,1.6487126816918511,2.769271064189871,3,Penalized country partial pooling
Malta,MLT,2018,2021,Aminopenicillins,59.63855421686747,64.54849498327759,299.0,59.27063171852042,59.63855421686747,5.277863264757173,4.909940766410124,3,Penalized country partial pooling
Malta,MLT,2018,2021,Carbapenems,0.0,0.0,299.0,0.4191633458273985,0.0,-0.4191633458273985,0.0,3,Penalized country partial pooling
Malta,MLT,2018,2021,Fluoroquinolones,41.86746987951807,30.76923076923077,299.0,39.25583065879369,41.86746987951807,-8.486599889562921,-11.098239110287299,3,Penalized country partial pooling
Malta,MLT,2018,2021,Third-generation cephalosporins,15.36144578313253,13.7123745819398,299.0,14.855086541627085,15.36144578313253,-1.1427119596872846,-1.6490712011927293,3,Penalized country partial pooling
Netherlands,NLD,2018,2021,Aminoglycosides,6.308157099697885,5.9914841849148415,6576.0,6.456132589967375,6.308157099697885,-0.46464840505253324,-0.3166729147830436,3,Penalized country partial pooling
Netherlands,NLD,2018,2021,Aminopenicillins,45.95019342359768,41.40922234058743,6571.0,44.18408358657171,45.95019342359768,-2.774861245984283,-4.540971083010255,3,Penalized country partial pooling
Netherlands,NLD,2018,2021,Carbapenems,0.0120889748549323,0.0456690516060283,6569.0,0.0,0.0120889748549323,0.0456690516060283,0.033580076751096,3,Penalized country partial pooling
Netherlands,NLD,2018,2021,Fluoroquinolones,14.708726130045926,13.32319391634981,6575.0,13.697249332901768,14.708726130045926,-0.3740554165519576,-1.3855322136961163,3,Penalized country partial pooling
Netherlands,NLD,2018,2021,Third-generation cephalosporins,7.315598548972188,6.64638783269962,6575.0,7.121739908571999,7.315598548972188,-0.4753520758723786,-0.669210716272568,3,Penalized country partial pooling
Norway,NOR,2018,2021,Aminoglycosides,5.747422680412371,5.392029174264131,3839.0,5.773278740229831,5.747422680412371,-0.3812495659656996,-0.35539350614824006,3,Penalized country partial pooling
Norway,NOR,2018,2021,Aminopenicillins,42.29381443298969,35.39223351576753,3837.0,42.05710459372889,42.29381443298969,-6.664871077961358,-6.901580917222162,3,Penalized country partial pooling
Norway,NOR,2018,2021,Carbapenems,0.0257798401649909,0.0,3820.0,0.0,0.0257798401649909,0.0,-0.0257798401649909,3,Penalized country partial pooling
Norway,NOR,2018,2021,Fluoroquinolones,12.870776373484652,9.87718839822315,3827.0,11.891279156589505,12.870776373484652,-2.014090758366354,-2.9935879752615016,3,Penalized country partial pooling
Norway,NOR,2018,2021,Third-generation cephalosporins,6.754318123227636,5.496222974733003,3839.0,6.453316873802498,6.754318123227636,-0.9570938990694948,-1.2580951484946326,3,Penalized country partial pooling
Poland,POL,2018,2021,Aminoglycosides,15.108207431604736,13.723696248856358,2186.0,14.624429523190864,15.108207431604736,-0.900733274334506,-1.384511182748378,3,Penalized country partial pooling
Poland,POL,2018,2021,Aminopenicillins,64.26966292134831,60.568603213844256,809.0,61.39822209097606,64.26966292134831,-0.8296188771318072,-3.701059707504058,3,Penalized country partial pooling
Poland,POL,2018,2021,Carbapenems,0.12,0.131004366812227,2290.0,0.35826944346011147,0.12,-0.22726507664788448,0.011004366812226996,3,Penalized country partial pooling
Poland,POL,2018,2021,Fluoroquinolones,34.67082197117257,33.11287477954145,2268.0,33.27159066733412,34.67082197117257,-0.15871588779266688,-1.557947191631122,3,Penalized country partial pooling
Poland,POL,2018,2021,Third-generation cephalosporins,17.595419847328245,18.726275832981862,2371.0,17.70176450593095,17.595419847328245,1.024511327050913,1.1308559856536178,3,Penalized country partial pooling
Portugal,PRT,2018,2021,Aminoglycosides,12.15450643776824,10.615521855486174,5605.0,11.263426461001925,12.15450643776824,-0.6479046055157518,-1.5389845822820671,3,Penalized country partial pooling
Portugal,PRT,2018,2021,Aminopenicillins,55.06361323155216,52.730441518202944,5164.0,54.75069266802378,55.06361323155216,-2.0202511498208366,-2.3331717133492162,3,Penalized country partial pooling
Portugal,PRT,2018,2021,Carbapenems,0.5347593582887701,0.3293084522502744,5466.0,0.03287854798359005,0.5347593582887701,0.29642990426668436,-0.2054509060384957,3,Penalized country partial pooling
Portugal,PRT,2018,2021,Fluoroquinolones,25.460122699386503,22.499110003559984,5618.0,23.304550900783426,25.460122699386503,-0.8054408972234413,-2.9610126958265184,3,Penalized country partial pooling
Portugal,PRT,2018,2021,Third-generation cephalosporins,14.708382928073457,13.089937666963491,5615.0,14.8567604236159,14.708382928073457,-1.7668227566524077,-1.6184452611099651,3,Penalized country partial pooling
Romania,ROU,2018,2021,Aminoglycosides,12.788906009244991,10.591133004926109,406.0,12.865787475183305,12.788906009244991,-2.2746544702571967,-2.197773004318883,3,Penalized country partial pooling
Romania,ROU,2018,2021,Aminopenicillins,62.17712177121771,64.20454545454545,352.0,64.10241674790021,62.17712177121771,0.10212870664524587,2.02742368332774,3,Penalized country partial pooling
Romania,ROU,2018,2021,Carbapenems,0.0,0.4016064257028112,498.0,0.29182075703418753,0.0,0.10978566866862366,0.4016064257028112,3,Penalized country partial pooling
Romania,ROU,2018,2021,Fluoroquinolones,29.102167182662537,24.698795180722893,498.0,26.49707474223989,29.102167182662537,-1.7982795615169955,-4.403372001939644,3,Penalized country partial pooling
Romania,ROU,2018,2021,Third-generation cephalosporins,20.18348623853211,18.78787878787879,495.0,19.17489567146727,20.18348623853211,-0.38701688358847974,-1.3956074506533227,3,Penalized country partial pooling
Slovakia,SVK,2018,2021,Aminoglycosides,21.5686274509804,14.177978883861236,663.0,18.45288473827425,21.5686274509804,-4.274905854413014,-7.390648567119165,3,Penalized country partial pooling
Slovakia,SVK,2018,2021,Aminopenicillins,61.73733195449845,54.54545454545455,660.0,59.58939619485958,61.73733195449845,-5.043941649405035,-7.191877409043904,3,Penalized country partial pooling
Slovakia,SVK,2018,2021,Carbapenems,0.0,0.0,625.0,0.0,0.0,0.0,0.0,3,Penalized country partial pooling
Slovakia,SVK,2018,2021,Fluoroquinolones,42.10526315789474,29.75830815709969,662.0,35.79893259953422,42.10526315789474,-6.0406244424345275,-12.346955000795049,3,Penalized country partial pooling
Slovakia,SVK,2018,2021,Third-generation cephalosporins,30.11305241521069,23.112480739599384,649.0,26.603470574200244,30.11305241521069,-3.4909898346008603,-7.000571675611305,3,Penalized country partial pooling
Slovenia,SVN,2018,2021,Aminoglycosides,9.412470023980816,6.603212373587151,1681.0,9.654059390120173,9.412470023980816,-3.050847016533022,-2.8092576503936657,3,Penalized country partial pooling
Slovenia,SVN,2018,2021,Aminopenicillins,53.47721822541966,50.80309339678762,1681.0,53.69404765015459,53.47721822541966,-2.8909542533669708,-2.6741248286320456,3,Penalized country partial pooling
Slovenia,SVN,2018,2021,Carbapenems,0.0,0.0,1681.0,0.0,0.0,0.0,0.0,3,Penalized country partial pooling
Slovenia,SVN,2018,2021,Fluoroquinolones,22.78177458033573,16.65675193337299,1681.0,19.334687494202587,22.78177458033573,-2.677935560829596,-6.125022646962737,3,Penalized country partial pooling
Slovenia,SVN,2018,2021,Third-generation cephalosporins,11.33093525179856,9.28019036287924,1681.0,11.701466699660031,11.33093525179856,-2.4212763367807906,-2.0507448889193203,3,Penalized country partial pooling
Sweden,SWE,2018,2021,Aminoglycosides,7.735217552993678,5.981163219730071,10299.0,6.59924742655818,7.735217552993678,-0.6180842068281089,-1.754054333263607,3,Penalized country partial pooling
Sweden,SWE,2018,2021,Carbapenems,0.0185597624350408,0.0564652738565782,10626.0,0.21805824143317837,0.0185597624350408,-0.16159296757660016,0.037905511421537405,3,Penalized country partial pooling
Sweden,SWE,2018,2021,Fluoroquinolones,18.055039047973224,13.661305581835384,10570.0,15.414853257111725,18.055039047973224,-1.7535476752763408,-4.39373346613784,3,Penalized country partial pooling
Sweden,SWE,2018,2021,Third-generation cephalosporins,8.330241187384045,7.119345434026145,10633.0,8.441598750559555,8.330241187384045,-1.32225331653341,-1.2108957533579003,3,Penalized country partial pooling
Austria,AUT,2019,2022,Aminoglycosides,6.948541461815798,5.48033526756931,4653.0,6.46614442984863,6.948541461815798,-0.9858091622793204,-1.4682061942464877,3,Penalized country partial pooling
Austria,AUT,2019,2022,Aminopenicillins,46.27606752730884,45.94131505675733,4669.0,45.755801877727464,46.27606752730884,0.18551317902986852,-0.33475247055150703,3,Penalized country partial pooling
Austria,AUT,2019,2022,Carbapenems,0.0,0.1206515181982706,4973.0,0.036459343589106755,0.0,0.08419217460916384,0.1206515181982706,3,Penalized country partial pooling
Austria,AUT,2019,2022,Fluoroquinolones,18.213058419243985,13.930659983291562,4788.0,16.68809255027524,18.213058419243985,-2.7574325669836774,-4.282398435952423,3,Penalized country partial pooling
Austria,AUT,2019,2022,Third-generation cephalosporins,9.318702915165412,8.320251177394034,5096.0,9.360931424946084,9.318702915165412,-1.04068024755205,-0.9984517377713775,3,Penalized country partial pooling
Belgium,BEL,2019,2022,Aminoglycosides,6.909739928607853,6.402357353335119,3733.0,6.478319815994724,6.909739928607853,-0.07596246265960538,-0.5073825752727341,3,Penalized country partial pooling
Belgium,BEL,2019,2022,Aminopenicillins,56.45653985004166,56.575505350772886,4205.0,55.2629581331261,56.45653985004166,1.312547217646788,0.11896550073122825,3,Penalized country partial pooling
Belgium,BEL,2019,2022,Carbapenems,0.0509424350483953,0.0698324022346368,4296.0,0.05262118299152384,0.0509424350483953,0.01721121924311296,0.018889967186241495,3,Penalized country partial pooling
Belgium,BEL,2019,2022,Fluoroquinolones,19.05732484076433,17.548500881834215,4536.0,18.509627691894803,19.05732484076433,-0.9611268100605876,-1.5088239589301153,3,Penalized country partial pooling
Belgium,BEL,2019,2022,Third-generation cephalosporins,9.98221996443993,8.755555555555556,4500.0,9.175842309227432,9.98221996443993,-0.42028675367187596,-1.226664408884373,3,Penalized country partial pooling
Bulgaria,BGR,2019,2022,Aminoglycosides,24.431818181818183,24.267782426778243,239.0,25.819077637109174,24.431818181818183,-1.551295210330931,-0.16403575503994006,3,Penalized country partial pooling
Bulgaria,BGR,2019,2022,Aminopenicillins,63.35227272727273,68.61924686192468,239.0,63.5261948301943,63.35227272727273,5.09305203173038,5.266974134651953,3,Penalized country partial pooling
Bulgaria,BGR,2019,2022,Carbapenems,0.0,0.0,239.0,0.9133222742687386,0.0,-0.9133222742687386,0.0,3,Penalized country partial pooling
Bulgaria,BGR,2019,2022,Fluoroquinolones,38.63636363636363,40.58577405857741,239.0,35.59694759382166,38.63636363636363,4.988826464755746,1.9494104222137736,3,Penalized country partial pooling
Bulgaria,BGR,2019,2022,Third-generation cephalosporins,38.63636363636363,40.1673640167364,239.0,37.44536148978921,38.63636363636363,2.7220025269471932,1.5310003803727668,3,Penalized country partial pooling
Cyprus,CYP,2019,2022,Aminoglycosides,10.869565217391305,15.178571428571429,224.0,15.16725067241015,10.869565217391305,0.011320756161278922,4.309006211180124,3,Penalized country partial pooling
Cyprus,CYP,2019,2022,Aminopenicillins,71.73913043478261,63.22869955156951,223.0,68.02025863377992,71.73913043478261,-4.791559082210405,-8.510430883213097,3,Penalized country partial pooling
Cyprus,CYP,2019,2022,Carbapenems,0.0,0.9433962264150944,212.0,0.4756302826545706,0.0,0.4677659437605238,0.9433962264150944,3,Penalized country partial pooling
Cyprus,CYP,2019,2022,Fluoroquinolones,43.47826086956522,46.36363636363637,220.0,46.75316435581742,43.47826086956522,-0.3895279921810513,2.8853754940711482,3,Penalized country partial pooling
Cyprus,CYP,2019,2022,Third-generation cephalosporins,20.65217391304348,32.44444444444444,225.0,25.527331225123483,20.65217391304348,6.91711321932096,11.792270531400963,3,Penalized country partial pooling
Czechia,CZE,2019,2022,Aminoglycosides,11.407698791795449,9.419680403700587,3567.0,10.369750012935624,11.407698791795449,-0.9500696092350367,-1.9880183880948614,3,Penalized country partial pooling
Czechia,CZE,2019,2022,Aminopenicillins,54.61192350956131,51.627384960718295,3564.0,53.75377629866507,54.61192350956131,-2.126391337946778,-2.9845385488430125,3,Penalized country partial pooling
Czechia,CZE,2019,2022,Carbapenems,0.0,0.1780415430267062,1685.0,0.040879309618373945,0.0,0.13716223340833225,0.1780415430267062,3,Penalized country partial pooling
Czechia,CZE,2019,2022,Fluoroquinolones,23.04445694991559,18.23793490460157,3564.0,19.89772096295327,23.04445694991559,-1.659786058351699,-4.8065220453140185,3,Penalized country partial pooling
Czechia,CZE,2019,2022,Third-generation cephalosporins,15.912285633961202,14.750420639371844,3566.0,14.96337892516692,15.912285633961202,-0.21295828579507514,-1.161864994589358,3,Penalized country partial pooling
Germany,DEU,2019,2022,Aminoglycosides,8.316659417137886,5.142999719302623,32063.0,6.707151773378821,8.316659417137886,-1.5641520540761977,-3.173659697835263,3,Penalized country partial pooling
Germany,DEU,2019,2022,Aminopenicillins,48.66232207168581,45.90717299578059,33180.0,46.03645625990863,48.66232207168581,-0.12928326412804125,-2.7551490759052157,3,Penalized country partial pooling
Germany,DEU,2019,2022,Carbapenems,0.0128254456842375,0.0355218755550293,33782.0,0.019302733046097656,0.0128254456842375,0.016219142508931646,0.022696429870791804,3,Penalized country partial pooling
Germany,DEU,2019,2022,Fluoroquinolones,17.532300847095062,15.193885712592945,33757.0,16.24945675538575,17.532300847095062,-1.0555710427928062,-2.3384151345021174,3,Penalized country partial pooling
Germany,DEU,2019,2022,Third-generation cephalosporins,11.506428052791184,9.44178061919138,33786.0,10.682337440840536,11.506428052791184,-1.2405568216491556,-2.064647433599804,3,Penalized country partial pooling
Denmark,DNK,2019,2022,Aminoglycosides,5.4652616538667615,4.755457776273481,5909.0,5.293776531627699,5.4652616538667615,-0.5383187553542177,-0.7098038775932807,3,Penalized country partial pooling
Denmark,DNK,2019,2022,Aminopenicillins,46.30788485607009,42.172361040285566,5883.0,43.50200297799474,46.30788485607009,-1.3296419377091766,-4.1355238157845235,3,Penalized country partial pooling
Denmark,DNK,2019,2022,Carbapenems,0.0717231486462255,0.017921146953405,5580.0,0.005555123328336749,0.0717231486462255,0.012366023625068251,-0.053802001692820504,3,Penalized country partial pooling
Denmark,DNK,2019,2022,Fluoroquinolones,11.471900089206066,10.709436524100475,5892.0,11.33254077369122,11.471900089206066,-0.6231042495907442,-0.7624635651055911,3,Penalized country partial pooling
Denmark,DNK,2019,2022,Third-generation cephalosporins,7.542722451384797,6.627863312054075,5326.0,6.927601873787867,7.542722451384797,-0.29973856173379243,-0.9148591393307219,3,Penalized country partial pooling
Spain,ESP,2019,2022,Aminoglycosides,13.559730250481696,12.47998291875734,9367.0,13.207456939119805,13.559730250481696,-0.7274740203624646,-1.0797473317243558,3,Penalized country partial pooling
Spain,ESP,2019,2022,Aminopenicillins,61.20546545779594,57.2280701754386,8550.0,57.84510154650695,61.20546545779594,-0.6170313710683502,-3.9773952823573353,3,Penalized country partial pooling
Spain,ESP,2019,2022,Carbapenems,1.9410496046010064,0.5655042412818096,9549.0,0.34336617556809546,1.9410496046010064,0.2221380657137142,-1.3755453633191967,3,Penalized country partial pooling
Spain,ESP,2019,2022,Fluoroquinolones,29.52880859375,28.609654286631702,9343.0,27.54908823588849,29.52880859375,1.060566050743212,-0.9191543071182977,3,Penalized country partial pooling
Spain,ESP,2019,2022,Third-generation cephalosporins,14.116237267825046,14.877412623891496,9585.0,13.7621524686446,14.116237267825046,1.1152601552468955,0.7611753560664507,3,Penalized country partial pooling
Estonia,EST,2019,2022,Aminoglycosides,5.2921719955898565,5.594405594405594,1001.0,5.735654046079034,5.2921719955898565,-0.14124845167344002,0.30223359881573764,3,Penalized country partial pooling
Estonia,EST,2019,2022,Aminopenicillins,42.08416833667334,43.43065693430657,274.0,41.8892363131509,42.08416833667334,1.541420621155666,1.3464885976332255,3,Penalized country partial pooling
Estonia,EST,2019,2022,Carbapenems,0.0,0.117096018735363,854.0,0.0,0.0,0.117096018735363,0.117096018735363,3,Penalized country partial pooling
Estonia,EST,2019,2022,Fluoroquinolones,17.05685618729097,16.31205673758865,987.0,15.731660732369866,17.05685618729097,0.5803960052187858,-0.7447994497023167,3,Penalized country partial pooling
Estonia,EST,2019,2022,Third-generation cephalosporins,11.538461538461538,11.764705882352942,1003.0,10.452191062151268,11.538461538461538,1.3125148202016739,0.2262443438914037,3,Penalized country partial pooling
Finland,FIN,2019,2022,Aminoglycosides,4.787749563868966,4.442408976414014,4367.0,5.052802316649159,4.787749563868966,-0.6103933402351451,-0.34534058745495244,3,Penalized country partial pooling
Finland,FIN,2019,2022,Aminopenicillins,35.5,32.50478011472276,2615.0,33.42991948462709,35.5,-0.9251393699043291,-2.995219885277237,3,Penalized country partial pooling
Finland,FIN,2019,2022,Carbapenems,0.018758206715438,0.0,4575.0,0.0,0.018758206715438,0.0,-0.018758206715438,3,Penalized country partial pooling
Finland,FIN,2019,2022,Fluoroquinolones,11.44177449168207,9.908136482939632,4572.0,10.775053005340391,11.44177449168207,-0.8669165224007589,-1.5336380087424377,3,Penalized country partial pooling
Finland,FIN,2019,2022,Third-generation cephalosporins,7.8514686864954735,6.107705779334501,4568.0,7.249326454437628,7.8514686864954735,-1.1416206751031268,-1.7437629071609724,3,Penalized country partial pooling
France,FRA,2019,2022,Aminoglycosides,7.012868346912359,6.150943396226415,15900.0,6.617297133645662,7.012868346912359,-0.46635373741924724,-0.8619249506859443,3,Penalized country partial pooling
France,FRA,2019,2022,Aminopenicillins,54.468878121505774,52.81833517538247,17191.0,53.26179035656637,54.468878121505774,-0.44345518118390004,-1.650542946123302,3,Penalized country partial pooling
France,FRA,2019,2022,Carbapenems,0.0474833808167141,0.1059509094119724,16989.0,0.017954381006536513,0.0474833808167141,0.08799652840543588,0.0584675285952583,3,Penalized country partial pooling
France,FRA,2019,2022,Fluoroquinolones,15.97051597051597,14.705714448821146,17517.0,15.17938121969238,15.97051597051597,-0.4736667708712332,-1.2648015216948245,3,Penalized country partial pooling
France,FRA,2019,2022,Third-generation cephalosporins,8.848605883708426,8.441485159688522,17722.0,8.911841311846976,8.848605883708426,-0.4703561521584536,-0.4071207240199044,3,Penalized country partial pooling
Greece,GRC,2019,2022,Aminoglycosides,12.935323383084578,19.047619047619047,1239.0,14.563899154939424,12.935323383084578,4.483719892679623,6.11229566453447,3,Penalized country partial pooling
Greece,GRC,2019,2022,Aminopenicillins,57.142857142857146,57.053941908713696,964.0,57.848300950726696,57.142857142857146,-0.7943590420129993,-0.0889152341434496,3,Penalized country partial pooling
Greece,GRC,2019,2022,Carbapenems,0.9852216748768472,1.532258064516129,1240.0,0.943819819482167,0.9852216748768472,0.588438245033962,0.5470363896392818,3,Penalized country partial pooling
Greece,GRC,2019,2022,Fluoroquinolones,29.55665024630542,37.77239709443099,1239.0,28.820469991514905,29.55665024630542,8.951927102916088,8.215746848125573,3,Penalized country partial pooling
Greece,GRC,2019,2022,Third-generation cephalosporins,18.94736842105263,23.31983805668016,1235.0,20.64190363623531,18.94736842105263,2.6779344204448527,4.372469635627532,3,Penalized country partial pooling
Croatia,HRV,2019,2022,Aminoglycosides,14.838129496402878,16.04060913705584,985.0,13.910145644888596,14.838129496402878,2.1304634921672427,1.2024796406529603,3,Penalized country partial pooling
Croatia,HRV,2019,2022,Aminopenicillins,57.12996389891697,55.759429153924565,981.0,56.96612086834832,57.12996389891697,-1.206691714423755,-1.3705347449924048,3,Penalized country partial pooling
Croatia,HRV,2019,2022,Carbapenems,0.1834862385321101,0.1020408163265306,980.0,0.2217787640764629,0.1834862385321101,-0.11973794774993231,-0.0814454222055795,3,Penalized country partial pooling
Croatia,HRV,2019,2022,Fluoroquinolones,27.25631768953069,30.25641025641025,975.0,27.04500850317526,27.25631768953069,3.2114017532349877,3.000092566879559,3,Penalized country partial pooling
Croatia,HRV,2019,2022,Third-generation cephalosporins,15.944700460829493,17.426545086119553,987.0,17.932595667136738,15.944700460829493,-0.5060505810171847,1.4818446252900603,3,Penalized country partial pooling
Hungary,HUN,2019,2022,Aminoglycosides,15.719618415595187,16.321749316673174,2561.0,15.096309731720204,15.719618415595187,1.2254395849529693,0.6021309010779863,3,Penalized country partial pooling
Hungary,HUN,2019,2022,Aminopenicillins,59.289039356749896,58.41541755888651,2335.0,58.579497042114156,59.289039356749896,-0.16407948322764554,-0.873621797863386,3,Penalized country partial pooling
Hungary,HUN,2019,2022,Carbapenems,0.0,0.1988071570576541,2515.0,0.04442947242954676,0.0,0.15437768462810733,0.1988071570576541,3,Penalized country partial pooling
Hungary,HUN,2019,2022,Fluoroquinolones,30.316930775646373,29.27696562623469,2531.0,29.982843771492416,30.316930775646373,-0.7058781452577243,-1.0399651494116817,3,Penalized country partial pooling
Hungary,HUN,2019,2022,Third-generation cephalosporins,20.596767509324494,22.57309941520468,2565.0,20.086161035408978,20.596767509324494,2.4869383797957028,1.976331905880187,3,Penalized country partial pooling
Ireland,IRL,2019,2022,Aminoglycosides,11.757425742574258,8.655126498002662,3004.0,10.813236971507484,11.757425742574258,-2.1581104735048218,-3.1022992445715953,3,Penalized country partial pooling
Ireland,IRL,2019,2022,Aminopenicillins,67.54139331458919,61.77156177156177,3003.0,65.44703566363046,67.54139331458919,-3.6754738920686876,-5.769831543027415,3,Penalized country partial pooling
Ireland,IRL,2019,2022,Carbapenems,0.0,0.0,2996.0,0.05669132955554673,0.0,-0.05669132955554673,0.0,3,Penalized country partial pooling
Ireland,IRL,2019,2022,Fluoroquinolones,20.35370772572137,15.6,3000.0,18.595122956454592,20.35370772572137,-2.9951229564545923,-4.753707725721371,3,Penalized country partial pooling
Ireland,IRL,2019,2022,Third-generation cephalosporins,12.070566388115134,9.67741935483871,3007.0,11.466157114350477,12.070566388115134,-1.7887377595117666,-2.393147033276424,3,Penalized country partial pooling
Iceland,ISL,2019,2022,Aminoglycosides,4.6875,7.659574468085107,235.0,7.242062710567074,4.6875,0.4175117575180325,2.972074468085107,3,Penalized country partial pooling
Iceland,ISL,2019,2022,Aminopenicillins,52.52918287937743,46.80851063829788,235.0,50.221114632606294,52.52918287937743,-3.4126039943084123,-5.720672241079548,3,Penalized country partial pooling
Iceland,ISL,2019,2022,Carbapenems,0.0,0.0,235.0,0.0603446418456589,0.0,-0.0603446418456589,0.0,3,Penalized country partial pooling
Iceland,ISL,2019,2022,Fluoroquinolones,13.095238095238097,10.212765957446807,235.0,14.345818399716379,13.095238095238097,-4.133052442269571,-2.8824721377912894,3,Penalized country partial pooling
Iceland,ISL,2019,2022,Third-generation cephalosporins,7.003891050583658,9.787234042553193,235.0,9.63140112804136,7.003891050583658,0.15583291451183356,2.783342991969535,3,Penalized country partial pooling
Italy,ITA,2019,2022,Aminoglycosides,15.906865411815907,14.197579377554227,25448.0,14.034599357589972,15.906865411815907,0.16298001996425526,-1.7092860342616802,3,Penalized country partial pooling
Italy,ITA,2019,2022,Aminopenicillins,68.11756787076509,61.55467720685112,7590.0,63.44669735226631,68.11756787076509,-1.892020145415195,-6.562890663913969,3,Penalized country partial pooling
Italy,ITA,2019,2022,Carbapenems,0.3804284209294159,0.2703602029781216,24042.0,0.4768092036184676,0.3804284209294159,-0.20644900064034605,-0.11006821795129434,3,Penalized country partial pooling
Italy,ITA,2019,2022,Fluoroquinolones,40.63093880653744,31.627172195892577,25320.0,35.6970568993914,40.63093880653744,-4.069884703498822,-9.003766610644867,3,Penalized country partial pooling
Italy,ITA,2019,2022,Third-generation cephalosporins,30.865337606605465,24.24384159650764,25656.0,27.672779677279625,30.865337606605465,-3.428938080771985,-6.621496010097825,3,Penalized country partial pooling
Lithuania,LTU,2019,2022,Aminoglycosides,7.617360496014172,8.333333333333334,1308.0,7.973605525575541,7.617360496014172,0.35972780775779256,0.7159728373191623,3,Penalized country partial pooling
Lithuania,LTU,2019,2022,Aminopenicillins,59.07883082373783,58.86415963161934,1303.0,57.68263935533777,59.07883082373783,1.1815202762815673,-0.2146711921184945,3,Penalized country partial pooling
Lithuania,LTU,2019,2022,Carbapenems,0.17825311942959,0.2291825821237585,1309.0,0.13928402037648147,0.17825311942959,0.08989856174727703,0.05092946269416851,3,Penalized country partial pooling
Lithuania,LTU,2019,2022,Fluoroquinolones,17.980513728963686,19.02552204176334,1293.0,18.05724946839392,17.980513728963686,0.968272573369422,1.0450083127996557,3,Penalized country partial pooling
Lithuania,LTU,2019,2022,Third-generation cephalosporins,13.869257950530036,15.431627196333078,1309.0,15.320634167502574,13.869257950530036,0.11099302883050477,1.5623692458030423,3,Penalized country partial pooling
Luxembourg,LUX,2019,2022,Aminoglycosides,10.16260162601626,7.249466950959488,469.0,9.314452158729113,10.16260162601626,-2.0649852077696247,-2.9131346750567717,3,Penalized country partial pooling
Luxembourg,LUX,2019,2022,Aminopenicillins,57.52032520325204,49.68017057569296,469.0,56.051531989412034,57.52032520325204,-6.371361413719072,-7.84015462755908,3,Penalized country partial pooling
Luxembourg,LUX,2019,2022,Carbapenems,0.6097560975609756,0.0,469.0,0.2071321484614921,0.6097560975609756,-0.2071321484614921,-0.6097560975609756,3,Penalized country partial pooling
Luxembourg,LUX,2019,2022,Fluoroquinolones,20.528455284552845,16.844349680170577,469.0,20.020500216314854,20.528455284552845,-3.1761505361442772,-3.6841056043822675,3,Penalized country partial pooling
Luxembourg,LUX,2019,2022,Third-generation cephalosporins,12.601626016260164,10.447761194029852,469.0,11.897175361084978,12.601626016260164,-1.4494141670551262,-2.1538648222303127,3,Penalized country partial pooling
Latvia,LVA,2019,2022,Aminoglycosides,11.590909090909092,11.801242236024844,483.0,10.738310468555659,11.590909090909092,1.0629317674691858,0.21033314511575263,3,Penalized country partial pooling
Latvia,LVA,2019,2022,Aminopenicillins,57.76255707762557,51.851851851851855,432.0,56.64357597392693,57.76255707762557,-4.791724122075074,-5.910705225773718,3,Penalized country partial pooling
Latvia,LVA,2019,2022,Carbapenems,0.0,0.0,481.0,0.1044643287061858,0.0,-0.1044643287061858,0.0,3,Penalized country partial pooling
Latvia,LVA,2019,2022,Fluoroquinolones,24.8868778280543,21.82952182952183,481.0,21.9674322270279,24.8868778280543,-0.1379103975060687,-3.0573559985324685,3,Penalized country partial pooling
Latvia,LVA,2019,2022,Third-generation cephalosporins,19.68325791855204,20.041322314049587,484.0,19.15765942621948,19.68325791855204,0.8836628878301056,0.35806439549754643,3,Penalized country partial pooling
Malta,MLT,2019,2022,Aminoglycosides,9.939759036144578,11.96319018404908,326.0,10.773512328332622,9.939759036144578,1.1896778557164591,2.0234311479045033,3,Penalized country partial pooling
Malta,MLT,2019,2022,Aminopenicillins,64.75903614457832,62.88343558282209,326.0,60.631227703836586,64.75903614457832,2.2522078789855016,-1.8756005617562295,3,Penalized country partial pooling
Malta,MLT,2019,2022,Carbapenems,0.0,0.0,326.0,0.1818778724587411,0.0,-0.1818778724587411,0.0,3,Penalized country partial pooling
Malta,MLT,2019,2022,Fluoroquinolones,40.06024096385542,26.380368098159508,326.0,34.952736943057275,40.06024096385542,-8.572368844897767,-13.679872865695913,3,Penalized country partial pooling
Malta,MLT,2019,2022,Third-generation cephalosporins,17.46987951807229,11.349693251533742,326.0,16.30820424752202,17.46987951807229,-4.958510995988279,-6.120186266538548,3,Penalized country partial pooling
Netherlands,NLD,2019,2022,Aminoglycosides,6.985344473359814,6.166851441241685,7216.0,6.240443889693199,6.985344473359814,-0.0735924484515138,-0.8184930321181287,3,Penalized country partial pooling
Netherlands,NLD,2019,2022,Aminopenicillins,45.391042322969454,40.92926490984743,7210.0,43.219610573320075,45.391042322969454,-2.2903456634726425,-4.461777413122022,3,Penalized country partial pooling
Netherlands,NLD,2019,2022,Carbapenems,0.0,0.0416088765603328,7210.0,0.0415478932246659,0.0,6.098333566689762e-05,0.0416088765603328,3,Penalized country partial pooling
Netherlands,NLD,2019,2022,Fluoroquinolones,14.565634420389149,13.142936364896714,7213.0,13.667335197717238,14.565634420389149,-0.5243988328205234,-1.4226980554924342,3,Penalized country partial pooling
Netherlands,NLD,2019,2022,Third-generation cephalosporins,7.52054794520548,7.747747747747748,7215.0,6.865719861851591,7.52054794520548,0.8820278858961563,0.2271998025422679,3,Penalized country partial pooling
Norway,NOR,2019,2022,Aminoglycosides,5.596465390279823,5.403288958496476,3831.0,5.475248312097659,5.596465390279823,-0.07195935360118355,-0.1931764317833471,3,Penalized country partial pooling
Norway,NOR,2019,2022,Aminopenicillins,40.96267190569745,37.78431897243778,3737.0,39.49859689498742,40.96267190569745,-1.7142779225496412,-3.178352933259667,3,Penalized country partial pooling
Norway,NOR,2019,2022,Carbapenems,0.0495049504950495,0.0267522739432851,3738.0,0.019689630305046113,0.0495049504950495,0.007062643638238986,-0.0227526765517644,3,Penalized country partial pooling
Norway,NOR,2019,2022,Fluoroquinolones,11.258603736479843,10.520665593129362,3726.0,11.338574156136906,11.258603736479843,-0.8179085630075438,-0.7379381433504815,3,Penalized country partial pooling
Norway,NOR,2019,2022,Third-generation cephalosporins,6.184049079754601,5.830435945439957,3739.0,6.266479706118761,6.184049079754601,-0.4360437606788041,-0.35361313431464403,3,Penalized country partial pooling
Poland,POL,2019,2022,Aminoglycosides,12.62433052792655,12.325783972125436,2296.0,13.178244014353673,12.62433052792655,-0.8524600422282376,-0.29854655580111356,3,Penalized country partial pooling
Poland,POL,2019,2022,Aminopenicillins,61.60287081339713,57.17619603267211,857.0,60.22814944098922,61.60287081339713,-3.051953408317111,-4.426674780725023,3,Penalized country partial pooling
Poland,POL,2019,2022,Carbapenems,0.0,0.0815993472052223,2451.0,0.1866794584888783,0.0,-0.10508011128365599,0.0815993472052223,3,Penalized country partial pooling
Poland,POL,2019,2022,Fluoroquinolones,33.01852524518707,30.81103678929766,2392.0,31.55210927165173,33.01852524518707,-0.7410724823540704,-2.2074884558894112,3,Penalized country partial pooling
Poland,POL,2019,2022,Third-generation cephalosporins,17.12450945415626,18.688265507704465,2531.0,18.652729521601515,17.12450945415626,0.035535986102949835,1.5637560535482038,3,Penalized country partial pooling
Portugal,PRT,2019,2022,Aminoglycosides,12.056627255756068,11.706349206349206,5544.0,10.861990845393537,12.056627255756068,0.8443583609556686,-0.350278049406862,3,Penalized country partial pooling
Portugal,PRT,2019,2022,Aminopenicillins,58.53699646047531,52.187386073642,5486.0,55.63139979113244,58.53699646047531,-3.444013717490435,-6.349610386833305,3,Penalized country partial pooling
Portugal,PRT,2019,2022,Carbapenems,0.0627746390458254,0.3170458784035807,5362.0,0.27040190567544253,0.0627746390458254,0.046643972728138194,0.2542712393577553,3,Penalized country partial pooling
Portugal,PRT,2019,2022,Fluoroquinolones,26.46555745607215,21.44665461121157,5530.0,22.830868200461136,26.46555745607215,-1.3842135892495655,-5.01890284486058,3,Penalized country partial pooling
Portugal,PRT,2019,2022,Third-generation cephalosporins,16.103286384976524,14.096996018820125,5526.0,14.716294543594712,16.103286384976524,-0.619298524774587,-2.0062903661563993,3,Penalized country partial pooling
Romania,ROU,2019,2022,Aminoglycosides,11.616161616161616,11.960132890365449,602.0,12.183594602511693,11.616161616161616,-0.22346171214624455,0.3439712742038328,3,Penalized country partial pooling
Romania,ROU,2019,2022,Aminopenicillins,63.01115241635688,62.361623616236166,542.0,64.38061251124009,63.01115241635688,-2.018988895003922,-0.6495288001207129,3,Penalized country partial pooling
Romania,ROU,2019,2022,Carbapenems,0.6006006006006006,0.5738880918220947,697.0,0.35608351122756526,0.6006006006006006,0.2178045805945294,-0.02671250877850595,3,Penalized country partial pooling
Romania,ROU,2019,2022,Fluoroquinolones,28.287461773700304,23.768115942028984,690.0,26.187187552644914,28.287461773700304,-2.41907161061593,-4.51934583167132,3,Penalized country partial pooling
Romania,ROU,2019,2022,Third-generation cephalosporins,20.33132530120482,17.82608695652174,690.0,19.284863317428158,20.33132530120482,-1.4587763609064197,-2.5052383446830824,3,Penalized country partial pooling
Slovakia,SVK,2019,2022,Aminoglycosides,16.646989374262102,13.79310344827586,783.0,15.973833214767069,16.646989374262102,-2.1807297664912095,-2.8538859259862424,3,Penalized country partial pooling
Slovakia,SVK,2019,2022,Aminopenicillins,57.83274440518257,54.23728813559322,767.0,57.804503460381504,57.83274440518257,-3.567215324788286,-3.5954562695893486,3,Penalized country partial pooling
Slovakia,SVK,2019,2022,Carbapenems,0.1273885350318471,0.0,738.0,0.041635272150113714,0.1273885350318471,-0.041635272150113714,-0.1273885350318471,3,Penalized country partial pooling
Slovakia,SVK,2019,2022,Fluoroquinolones,34.0,32.35294117647059,782.0,32.46649992071589,34.0,-0.11355874424530299,-1.647058823529413,3,Penalized country partial pooling
Slovakia,SVK,2019,2022,Third-generation cephalosporins,23.04964539007092,23.697916666666668,768.0,22.65530038148665,23.04964539007092,1.0426162851800171,0.6482712765957466,3,Penalized country partial pooling
Slovenia,SVN,2019,2022,Aminoglycosides,7.826086956521739,7.951807228915663,1660.0,8.34045249278818,7.826086956521739,-0.3886452638725162,0.1257202723939237,3,Penalized country partial pooling
Slovenia,SVN,2019,2022,Aminopenicillins,51.67701863354037,49.00542495479204,1659.0,52.254832236529325,51.67701863354037,-3.249407281737284,-2.67159367874833,3,Penalized country partial pooling
Slovenia,SVN,2019,2022,Carbapenems,0.0,0.0,1660.0,0.0,0.0,0.0,0.0,3,Penalized country partial pooling
Slovenia,SVN,2019,2022,Fluoroquinolones,19.006211180124225,16.566265060240966,1660.0,18.39848250006785,19.006211180124225,-1.8322174398268842,-2.4399461198832597,3,Penalized country partial pooling
Slovenia,SVN,2019,2022,Third-generation cephalosporins,9.813664596273291,9.337349397590362,1660.0,9.999938331985051,9.813664596273291,-0.6625889343946891,-0.47631519868292926,3,Penalized country partial pooling
Sweden,SWE,2019,2022,Aminoglycosides,6.014877789585547,5.659304199450185,10549.0,6.243882195400936,6.014877789585547,-0.5845779959507507,-0.3555735901353625,3,Penalized country partial pooling
Sweden,SWE,2019,2022,Carbapenems,0.0212472113035164,0.0378859632506156,10558.0,0.09358865851612982,0.0212472113035164,-0.055702695265514225,0.016638751947099198,3,Penalized country partial pooling
Sweden,SWE,2019,2022,Fluoroquinolones,15.852103697407564,13.820983544183392,10513.0,15.095130503137346,15.852103697407564,-1.2741469589539545,-2.0311201532241725,3,Penalized country partial pooling
Sweden,SWE,2019,2022,Third-generation cephalosporins,7.824609831192271,7.507336930796176,10563.0,7.526211629635919,7.824609831192271,-0.018874698839743687,-0.31727290039609546,3,Penalized country partial pooling
Austria,AUT,2020,2023,Aminoglycosides,6.246407357731366,5.3560042507970245,4705.0,5.830297240587697,6.246407357731366,-0.4742929897906727,-0.8904031069343414,3,Penalized country partial pooling
Austria,AUT,2020,2023,Aminopenicillins,45.998332638599415,46.42784032753327,4885.0,44.86287957753795,45.998332638599415,1.5649607499953149,0.42950768893385316,3,Penalized country partial pooling
Austria,AUT,2020,2023,Carbapenems,0.0972573429293911,0.1308166697813493,5351.0,0.07817803729591603,0.0972573429293911,0.052638632485433254,0.033559326851958185,3,Penalized country partial pooling
Austria,AUT,2020,2023,Fluoroquinolones,17.345989205285687,15.030504714364948,5409.0,15.668287875998047,17.345989205285687,-0.6377831616330987,-2.3154844909207384,3,Penalized country partial pooling
Austria,AUT,2020,2023,Third-generation cephalosporins,9.468005952380953,9.852485885995264,5491.0,8.630936985027327,9.468005952380953,1.221548900967937,0.3844799336143119,3,Penalized country partial pooling
Belgium,BEL,2020,2023,Aminoglycosides,7.467532467532467,7.576132706115375,4039.0,6.2446627557925085,7.467532467532467,1.3314699503228669,0.10860023858290813,3,Penalized country partial pooling
Belgium,BEL,2020,2023,Aminopenicillins,56.49787977051634,55.658347676419965,4648.0,55.66841149520613,56.49787977051634,-0.010063818786164802,-0.8395320940963771,3,Penalized country partial pooling
Belgium,BEL,2020,2023,Carbapenems,0.0242365487154629,0.0806776926179911,4958.0,0.1127019477232202,0.0242365487154629,-0.032024255105229105,0.0564411439025282,3,Penalized country partial pooling
Belgium,BEL,2020,2023,Fluoroquinolones,18.078703703703702,18.236836796449467,4957.0,16.894125808529193,18.078703703703702,1.3427109879202739,0.15813309274576426,3,Penalized country partial pooling
Belgium,BEL,2020,2023,Third-generation cephalosporins,9.88425925925926,10.088781275221953,4956.0,9.26795064087264,9.88425925925926,0.8208306343493135,0.20452201596269326,3,Penalized country partial pooling
Bulgaria,BGR,2020,2023,Aminoglycosides,34.24657534246575,28.431372549019606,306.0,25.755799121872982,34.24657534246575,2.675573427146624,-5.815202793446147,3,Penalized country partial pooling
Bulgaria,BGR,2020,2023,Aminopenicillins,66.66666666666667,66.99346405228758,306.0,63.44181221774447,66.66666666666667,3.551651834543108,0.32679738562090677,3,Penalized country partial pooling
Bulgaria,BGR,2020,2023,Carbapenems,0.7662835249042146,0.326797385620915,306.0,0.8055111702446822,0.7662835249042146,-0.47871378462376724,-0.4394861392832996,3,Penalized country partial pooling
Bulgaria,BGR,2020,2023,Fluoroquinolones,42.911877394636015,39.869281045751634,306.0,38.14969591834576,42.911877394636015,1.719585127405871,-3.0425963488843806,3,Penalized country partial pooling
Bulgaria,BGR,2020,2023,Third-generation cephalosporins,41.37931034482759,37.25490196078432,306.0,39.26549885699429,41.37931034482759,-2.010596896209968,-4.124408384043264,3,Penalized country partial pooling
Cyprus,CYP,2020,2023,Aminoglycosides,21.05263157894737,18.484848484848484,330.0,15.873566233908285,21.05263157894737,2.6112822509401994,-2.5677830940988855,3,Penalized country partial pooling
Cyprus,CYP,2020,2023,Aminopenicillins,67.54385964912281,68.90243902439025,328.0,65.74933956258322,67.54385964912281,3.153099461807031,1.358579375267439,3,Penalized country partial pooling
Cyprus,CYP,2020,2023,Carbapenems,0.0,0.9063444108761328,331.0,0.7447977521257568,0.0,0.161546658750376,0.9063444108761328,3,Penalized country partial pooling
Cyprus,CYP,2020,2023,Fluoroquinolones,48.24561403508772,42.90030211480362,331.0,46.14109510045843,48.24561403508772,-3.2407929856548066,-5.345311920284097,3,Penalized country partial pooling
Cyprus,CYP,2020,2023,Third-generation cephalosporins,29.82456140350877,34.74320241691843,331.0,26.048486872220227,29.82456140350877,8.694715544698202,4.918641013409658,3,Penalized country partial pooling
Czechia,CZE,2020,2023,Aminoglycosides,10.170056685561851,9.763617677286742,3892.0,9.871778886654894,10.170056685561851,-0.1081612093681521,-0.40643900827510926,3,Penalized country partial pooling
Czechia,CZE,2020,2023,Aminopenicillins,52.652652652652655,51.56731757451182,3892.0,52.317990116495814,52.652652652652655,-0.7506725419839952,-1.0853350781408366,3,Penalized country partial pooling
Czechia,CZE,2020,2023,Carbapenems,0.1333333333333333,0.0,1846.0,0.09634449549579867,0.1333333333333333,-0.09634449549579867,-0.1333333333333333,3,Penalized country partial pooling
Czechia,CZE,2020,2023,Fluoroquinolones,20.18685352018685,17.17665209565441,3889.0,18.416924185045126,20.18685352018685,-1.2402720893907144,-3.0102014245324398,3,Penalized country partial pooling
Czechia,CZE,2020,2023,Third-generation cephalosporins,13.279946613279948,15.878725590955806,3892.0,14.569796390454119,13.279946613279948,1.3089292005016873,2.598778977675858,3,Penalized country partial pooling
Germany,DEU,2020,2023,Aminoglycosides,7.50258074030379,5.346322917904241,33668.0,6.037159958311546,7.50258074030379,-0.6908370404073043,-2.1562578223995486,3,Penalized country partial pooling
Germany,DEU,2020,2023,Aminopenicillins,47.58210224253374,46.33612513496951,34267.0,45.25422785969105,47.58210224253374,1.0818972752784575,-1.2459771075642365,3,Penalized country partial pooling
Germany,DEU,2020,2023,Carbapenems,0.0175697519151029,0.0449148022345114,35623.0,0.0,0.0175697519151029,0.0449148022345114,0.0273450503194085,3,Penalized country partial pooling
Germany,DEU,2020,2023,Fluoroquinolones,16.536595654925122,16.589278176445756,35535.0,15.353925129223326,16.536595654925122,1.2353530472224303,0.052682521520633685,3,Penalized country partial pooling
Germany,DEU,2020,2023,Third-generation cephalosporins,10.358033800639472,9.688649316376091,35619.0,9.99714655733196,10.358033800639472,-0.3084972409558677,-0.6693844842633805,3,Penalized country partial pooling
Denmark,DNK,2020,2023,Aminoglycosides,5.5366269165247015,4.48706970371639,5839.0,4.94577044327131,5.5366269165247015,-0.45870073955491986,-1.0495572128083115,3,Penalized country partial pooling
Denmark,DNK,2020,2023,Aminopenicillins,44.06548431105048,40.455250905328505,5799.0,43.00256482985075,44.06548431105048,-2.5473139245222427,-3.610233405721978,3,Penalized country partial pooling
Denmark,DNK,2020,2023,Carbapenems,0.1541095890410959,0.0368324125230202,5430.0,0.00477966791810612,0.1541095890410959,0.03205274460491408,-0.1172771765180757,3,Penalized country partial pooling
Denmark,DNK,2020,2023,Fluoroquinolones,11.226575809199318,10.466712422786548,5828.0,11.157541922059758,11.226575809199318,-0.6908294992732102,-0.7598633864127695,3,Penalized country partial pooling
Denmark,DNK,2020,2023,Third-generation cephalosporins,6.696935300794552,6.316388467374811,5272.0,6.671584272833408,6.696935300794552,-0.35519580545859686,-0.38054683341974105,3,Penalized country partial pooling
Spain,ESP,2020,2023,Aminoglycosides,13.61604291735854,12.300967842647518,9609.0,12.686479882391218,13.61604291735854,-0.3855120397437002,-1.3150750747110216,3,Penalized country partial pooling
Spain,ESP,2020,2023,Aminopenicillins,57.62406431937899,57.42067553735927,8793.0,56.161138706001694,57.62406431937899,1.259536831357579,-0.2033887820197151,3,Penalized country partial pooling
Spain,ESP,2020,2023,Carbapenems,0.3695208970438328,0.0545077946146298,9173.0,0.46425988455514133,0.3695208970438328,-0.40975208994051154,-0.315013102429203,3,Penalized country partial pooling
Spain,ESP,2020,2023,Fluoroquinolones,28.606231568149763,27.555370697722783,9617.0,27.82222167894087,28.606231568149763,-0.2668509812180879,-1.0508608704269804,3,Penalized country partial pooling
Spain,ESP,2020,2023,Third-generation cephalosporins,14.075413223140496,16.215341460783257,9269.0,14.067640917648177,14.075413223140496,2.1477005431350804,2.1399282376427617,3,Penalized country partial pooling
Estonia,EST,2020,2023,Aminoglycosides,5.475206611570248,4.934823091247672,1074.0,5.610013603623559,5.475206611570248,-0.6751905123758863,-0.5403835203225755,3,Penalized country partial pooling
Estonia,EST,2020,2023,Aminopenicillins,45.7345971563981,38.07692307692308,520.0,41.89572335229424,45.7345971563981,-3.81880027537116,-7.657674079475022,3,Penalized country partial pooling
Estonia,EST,2020,2023,Carbapenems,0.0,0.0,894.0,0.0,0.0,0.0,0.0,3,Penalized country partial pooling
Estonia,EST,2020,2023,Fluoroquinolones,14.077163712200209,13.282732447817835,1054.0,15.441831134741507,14.077163712200209,-2.159098686923672,-0.7944312643823732,3,Penalized country partial pooling
Estonia,EST,2020,2023,Third-generation cephalosporins,8.273748723186925,11.439114391143912,1084.0,9.372203110727792,8.273748723186925,2.06691128041612,3.165365667956987,3,Penalized country partial pooling
Finland,FIN,2020,2023,Aminoglycosides,5.713753954959985,4.833765621315727,4241.0,5.127003639406044,5.713753954959985,-0.29323801809031647,-0.879988333644258,3,Penalized country partial pooling
Finland,FIN,2020,2023,Aminopenicillins,34.118852459016395,32.549019607843135,2550.0,32.411250919030735,34.118852459016395,0.13776868881240034,-1.5698328511732598,3,Penalized country partial pooling
Finland,FIN,2020,2023,Carbapenems,0.0186046511627906,0.0234301780693533,4268.0,0.0,0.0186046511627906,0.0234301780693533,0.0048255269065627,3,Penalized country partial pooling
Finland,FIN,2020,2023,Fluoroquinolones,10.534180052297348,10.302745834311194,4261.0,10.296366010605352,10.534180052297348,0.006379823705842114,-0.2314342179861537,3,Penalized country partial pooling
Finland,FIN,2020,2023,Third-generation cephalosporins,7.173467486491522,7.0858751759737215,4262.0,6.650198317878324,7.173467486491522,0.43567685809539736,-0.0875923105178007,3,Penalized country partial pooling
Greece,GRC,2020,2023,Aminoglycosides,18.683274021352315,20.62363238512035,1828.0,16.189409079099566,18.683274021352315,4.434223306020783,1.9403583637680342,3,Penalized country partial pooling
Greece,GRC,2020,2023,Aminopenicillins,55.53097345132744,57.82140595313489,1579.0,56.05546989118599,55.53097345132744,1.7659360619488993,2.2904325018074516,3,Penalized country partial pooling
Greece,GRC,2020,2023,Carbapenems,0.5300353356890459,1.553294054633101,1867.0,0.9903304212856618,0.5300353356890459,0.5629636333474393,1.0232587189440552,3,Penalized country partial pooling
Greece,GRC,2020,2023,Fluoroquinolones,32.743362831858406,37.77538957549704,1861.0,31.33140670281267,32.743362831858406,6.443982872684366,5.032026743638632,3,Penalized country partial pooling
Greece,GRC,2020,2023,Third-generation cephalosporins,21.8694885361552,22.82921219091432,1739.0,21.124369959539873,21.8694885361552,1.704842231374446,0.9597236547591201,3,Penalized country partial pooling
Croatia,HRV,2020,2023,Aminoglycosides,14.855072463768115,17.755572636433513,1301.0,14.65946916727555,14.855072463768115,3.0961034691579634,2.9005001726653976,3,Penalized country partial pooling
Croatia,HRV,2020,2023,Aminopenicillins,57.67835550181378,57.19844357976654,1285.0,56.77911924692765,57.67835550181378,0.41932433283889026,-0.4799119220472434,3,Penalized country partial pooling
Croatia,HRV,2020,2023,Carbapenems,0.0,0.1536098310291858,1302.0,0.40654351326268523,0.0,-0.25293368223349944,0.1536098310291858,3,Penalized country partial pooling
Croatia,HRV,2020,2023,Fluoroquinolones,29.661016949152543,29.638183217859893,1299.0,28.966454216236702,29.661016949152543,0.6717290016231914,-0.022833731292649873,3,Penalized country partial pooling
Croatia,HRV,2020,2023,Third-generation cephalosporins,16.56590084643289,20.0,1310.0,17.974049289648057,16.56590084643289,2.0259507103519425,3.434099153567111,3,Penalized country partial pooling
Hungary,HUN,2020,2023,Aminoglycosides,16.68372569089048,14.778503994190269,2754.0,14.684747025608669,16.68372569089048,0.09375696858159976,-1.9052216967002114,3,Penalized country partial pooling
Hungary,HUN,2020,2023,Aminopenicillins,58.5920177383592,57.364033346566096,2519.0,57.24070532762386,58.5920177383592,0.12332801894223877,-1.2279843917931075,3,Penalized country partial pooling
Hungary,HUN,2020,2023,Carbapenems,0.0,0.2232142857142857,2688.0,0.09403413674328562,0.0,0.12918014897100008,0.2232142857142857,3,Penalized country partial pooling
Hungary,HUN,2020,2023,Fluoroquinolones,30.337078651685392,25.98828696925329,2732.0,28.973476555452592,30.337078651685392,-2.9851895861993007,-4.3487916824321005,3,Penalized country partial pooling
Hungary,HUN,2020,2023,Third-generation cephalosporins,20.13251783893985,21.335268505079824,2756.0,20.13555057648826,20.13251783893985,1.1997179285915642,1.2027506661399734,3,Penalized country partial pooling
Ireland,IRL,2020,2023,Aminoglycosides,10.635310635310637,8.743169398907105,3111.0,10.128162433585508,10.635310635310637,-1.3849930346784038,-1.892141236403532,3,Penalized country partial pooling
Ireland,IRL,2020,2023,Aminopenicillins,65.01231960577262,62.985553772070624,3115.0,64.19477349237361,65.01231960577262,-1.2092197203029897,-2.026765833701994,3,Penalized country partial pooling
Ireland,IRL,2020,2023,Carbapenems,0.0709219858156028,0.0651678071032909,3069.0,0.02434019345318832,0.0709219858156028,0.04082761365010258,-0.005754178712311903,3,Penalized country partial pooling
Ireland,IRL,2020,2023,Fluoroquinolones,18.88185654008439,15.96995427824951,3062.0,16.903934874046385,18.88185654008439,-0.933980595796875,-2.9119022618348787,3,Penalized country partial pooling
Ireland,IRL,2020,2023,Third-generation cephalosporins,11.824561403508772,10.423348300192432,3118.0,10.748784805760888,11.824561403508772,-0.32543650556845627,-1.4012131033163406,3,Penalized country partial pooling
Iceland,ISL,2020,2023,Aminoglycosides,7.755102040816326,5.426356589147287,258.0,7.5205180007225625,7.755102040816326,-2.094161411575276,-2.3287454516690396,3,Penalized country partial pooling
Iceland,ISL,2020,2023,Aminopenicillins,55.10204081632653,52.713178294573645,258.0,52.04948405570983,55.10204081632653,0.6636942388638118,-2.388862521752884,3,Penalized country partial pooling
Iceland,ISL,2020,2023,Carbapenems,0.0,0.0,258.0,0.01387110938518948,0.0,-0.01387110938518948,0.0,3,Penalized country partial pooling
Iceland,ISL,2020,2023,Fluoroquinolones,11.83673469387755,12.790697674418604,258.0,13.10146893417128,11.83673469387755,-0.3107712597526753,0.9539629805410534,3,Penalized country partial pooling
Iceland,ISL,2020,2023,Third-generation cephalosporins,11.020408163265309,12.015503875968992,258.0,10.497430754492099,11.020408163265309,1.5180731214768937,0.9950957127036837,3,Penalized country partial pooling
Italy,ITA,2020,2023,Aminoglycosides,14.943870178948538,16.01035182206057,28594.0,13.948249791582972,14.943870178948538,2.0621020304775985,1.0664816431120325,3,Penalized country partial pooling
Italy,ITA,2020,2023,Aminopenicillins,64.546748932131,63.22198637023797,8951.0,61.81262450377417,64.546748932131,1.4093618664638043,-1.3247625618930243,3,Penalized country partial pooling
Italy,ITA,2020,2023,Carbapenems,0.472195989111716,0.4308004199399051,27623.0,0.4464474593993262,0.472195989111716,-0.015647039459421086,-0.04139556917181092,3,Penalized country partial pooling
Italy,ITA,2020,2023,Fluoroquinolones,37.59023354564756,34.14425034830136,27993.0,33.28903217163923,37.59023354564756,0.8552181766621345,-3.4459831973461945,3,Penalized country partial pooling
Italy,ITA,2020,2023,Third-generation cephalosporins,26.410666666666668,26.676471618167174,28557.0,26.09259733828262,26.410666666666668,0.5838742798845544,0.2658049515005061,3,Penalized country partial pooling
Lithuania,LTU,2020,2023,Aminoglycosides,10.254163014899213,11.337406653088934,1473.0,9.014828056512943,10.254163014899213,2.3225785965759904,1.083243638189721,3,Penalized country partial pooling
Lithuania,LTU,2020,2023,Aminopenicillins,56.94200351493849,61.34055517941774,1477.0,56.615233460083026,56.94200351493849,4.7253217193347155,4.39855166447925,3,Penalized country partial pooling
Lithuania,LTU,2020,2023,Carbapenems,0.0,0.06765899864682,1478.0,0.10036396650602702,0.0,-0.032704967859207026,0.06765899864682,3,Penalized country partial pooling
Lithuania,LTU,2020,2023,Fluoroquinolones,18.75,20.54982817869416,1455.0,17.873626675511694,18.75,2.6762015031824653,1.7998281786941597,3,Penalized country partial pooling
Lithuania,LTU,2020,2023,Third-generation cephalosporins,15.936952714535902,16.95945945945946,1480.0,15.146347460991198,15.936952714535902,1.813111998468262,1.0225067449235574,3,Penalized country partial pooling
Luxembourg,LUX,2020,2023,Aminoglycosides,8.878504672897197,9.97830802603037,461.0,8.707602620082481,8.878504672897197,1.2707054059478882,1.0998033531331721,3,Penalized country partial pooling
Luxembourg,LUX,2020,2023,Aminopenicillins,52.459016393442624,51.62689804772234,461.0,53.28398618035598,52.459016393442624,-1.657088132633639,-0.8321183457202821,3,Penalized country partial pooling
Luxembourg,LUX,2020,2023,Carbapenems,0.0,0.2169197396963123,461.0,0.051841662725558124,0.0,0.1650780769707542,0.2169197396963123,3,Penalized country partial pooling
Luxembourg,LUX,2020,2023,Fluoroquinolones,21.72897196261682,15.61822125813449,461.0,18.186094414765932,21.72897196261682,-2.5678731566314426,-6.1107507044823315,3,Penalized country partial pooling
Luxembourg,LUX,2020,2023,Third-generation cephalosporins,11.448598130841122,11.713665943600867,461.0,10.680084801341895,11.448598130841122,1.0335811422589725,0.2650678127597459,3,Penalized country partial pooling
Latvia,LVA,2020,2023,Aminoglycosides,11.405835543766578,14.879649890590809,457.0,10.831925339196335,11.405835543766578,4.047724551394474,3.4738143468242306,3,Penalized country partial pooling
Latvia,LVA,2020,2023,Aminopenicillins,54.27807486631016,50.0,208.0,54.87459996186668,54.27807486631016,-4.874599961866679,-4.278074866310163,3,Penalized country partial pooling
Latvia,LVA,2020,2023,Carbapenems,0.0,0.0,455.0,0.16033866609099465,0.0,-0.16033866609099465,0.0,3,Penalized country partial pooling
Latvia,LVA,2020,2023,Fluoroquinolones,27.51322751322752,28.35164835164835,455.0,23.368277151846787,27.51322751322752,4.983371199801564,0.8384208384208307,3,Penalized country partial pooling
Latvia,LVA,2020,2023,Third-generation cephalosporins,24.07407407407408,25.379609544468547,461.0,19.937564356674113,24.07407407407408,5.4420451877944345,1.3055354703944673,3,Penalized country partial pooling
Malta,MLT,2020,2023,Aminoglycosides,12.63537906137184,10.336538461538462,416.0,11.663216589938997,12.63537906137184,-1.3266781284005358,-2.298840599833378,3,Penalized country partial pooling
Malta,MLT,2020,2023,Aminopenicillins,58.48375451263538,62.5,416.0,59.77276176242088,58.48375451263538,2.7272382375791224,4.016245487364621,3,Penalized country partial pooling
Malta,MLT,2020,2023,Carbapenems,0.0,0.0,416.0,0.2884460464202094,0.0,-0.2884460464202094,0.0,3,Penalized country partial pooling
Malta,MLT,2020,2023,Fluoroquinolones,35.37906137184115,27.884615384615383,416.0,32.06087935594278,35.37906137184115,-4.176263971327398,-7.49444598722577,3,Penalized country partial pooling
Malta,MLT,2020,2023,Third-generation cephalosporins,12.274368231046932,11.298076923076923,416.0,14.5708555619773,12.274368231046932,-3.272778638900377,-0.9762913079700084,3,Penalized country partial pooling
Netherlands,NLD,2020,2023,Aminoglycosides,6.417611741160774,5.190664456064278,7841.0,6.1062221887149315,6.417611741160774,-0.9155577326506537,-1.2269472850964958,3,Penalized country partial pooling
Netherlands,NLD,2020,2023,Aminopenicillins,42.67413931144916,40.98800102118969,7834.0,40.679648733104216,42.67413931144916,0.308352288085473,-1.6861382902594713,3,Penalized country partial pooling
Netherlands,NLD,2020,2023,Carbapenems,0.0400694537197809,0.0899742930591259,7780.0,0.025098653011639424,0.0400694537197809,0.06487564004748647,0.049904839339344996,3,Penalized country partial pooling
Netherlands,NLD,2020,2023,Fluoroquinolones,13.337783711615486,12.946428571428571,7840.0,13.570131921221027,13.337783711615486,-0.6237033497924553,-0.3913551401869153,3,Penalized country partial pooling
Netherlands,NLD,2020,2023,Third-generation cephalosporins,6.645316253002402,7.971938775510204,7840.0,6.989001642206432,6.645316253002402,0.9829371333037722,1.3266225225078019,3,Penalized country partial pooling
Norway,NOR,2020,2023,Aminoglycosides,5.660377358490566,5.523474767762993,3983.0,5.1235459430567,5.660377358490566,0.39992882470629265,-0.13690259072757271,3,Penalized country partial pooling
Norway,NOR,2020,2023,Aminopenicillins,39.78179882916445,36.85664072307306,3983.0,37.4264663055579,39.78179882916445,-0.5698255824848388,-2.925158106091388,3,Penalized country partial pooling
Norway,NOR,2020,2023,Carbapenems,0.0274273176083379,0.0502008032128514,3984.0,0.0,0.0274273176083379,0.0502008032128514,0.022773485604513498,3,Penalized country partial pooling
Norway,NOR,2020,2023,Fluoroquinolones,9.959839357429718,10.123394610929235,3971.0,10.622479159257747,9.959839357429718,-0.49908454832851135,0.16355525349951705,3,Penalized country partial pooling
Norway,NOR,2020,2023,Third-generation cephalosporins,5.7947900053163215,5.622489959839357,3984.0,6.1351172577485915,5.7947900053163215,-0.5126272979092343,-0.17230004547696431,3,Penalized country partial pooling
Poland,POL,2020,2023,Aminoglycosides,14.510575504181013,14.136690647482014,2780.0,13.636228696481362,14.510575504181013,0.500461951000652,-0.3738848566989983,3,Penalized country partial pooling
Poland,POL,2020,2023,Aminopenicillins,56.17529880478088,65.5857740585774,956.0,58.11379973603611,56.17529880478088,7.471974322541293,9.41047525379652,3,Penalized country partial pooling
Poland,POL,2020,2023,Carbapenems,0.048076923076923,0.2022926500337154,2966.0,0.2871146146509828,0.048076923076923,-0.0848219646172674,0.15421572695679242,3,Penalized country partial pooling
Poland,POL,2020,2023,Fluoroquinolones,32.99208934388088,32.203947368421055,3040.0,30.930209900001593,32.99208934388088,1.273737468419462,-0.7881419754598227,3,Penalized country partial pooling
Poland,POL,2020,2023,Third-generation cephalosporins,17.449355432780848,19.563090968373004,3067.0,19.422897130786122,17.449355432780848,0.14019383758688164,2.1137355355921557,3,Penalized country partial pooling
Portugal,PRT,2020,2023,Aminoglycosides,11.679336558396685,13.173091930700796,6407.0,10.549245909923167,11.679336558396685,2.623846020777629,1.4937553723041113,3,Penalized country partial pooling
Portugal,PRT,2020,2023,Aminopenicillins,54.35117114036588,54.36434239405707,5923.0,53.78609033524229,54.35117114036588,0.5782520588147761,0.013171253691190543,3,Penalized country partial pooling
Portugal,PRT,2020,2023,Carbapenems,0.1542945311160637,0.5337214944201844,6183.0,0.08726569425252931,0.1542945311160637,0.44645580016765507,0.3794269633041206,3,Penalized country partial pooling
Portugal,PRT,2020,2023,Fluoroquinolones,23.934987168520102,24.33192686357244,6399.0,19.707425717366473,23.934987168520102,4.624501146205969,0.39693969505233895,3,Penalized country partial pooling
Portugal,PRT,2020,2023,Third-generation cephalosporins,14.44847229414811,17.195064813368734,6403.0,14.131953819553642,14.44847229414811,3.0631109938150924,2.7465925192206253,3,Penalized country partial pooling
Romania,ROU,2020,2023,Aminoglycosides,10.8991825613079,12.716763005780347,865.0,11.291356645780048,10.8991825613079,1.4254063600002986,1.8175804444724477,3,Penalized country partial pooling
Romania,ROU,2020,2023,Aminopenicillins,62.65822784810127,61.71052631578947,760.0,63.45582848650017,62.65822784810127,-1.7453021707106942,-0.9477015323117968,3,Penalized country partial pooling
Romania,ROU,2020,2023,Carbapenems,0.6607929515418502,1.8274111675126905,985.0,0.06954887224442508,0.6607929515418502,1.7578622952682654,1.1666182159708403,3,Penalized country partial pooling
Romania,ROU,2020,2023,Fluoroquinolones,26.0,25.40816326530612,980.0,25.602138611609554,26.0,-0.19397534630343571,-0.5918367346938815,3,Penalized country partial pooling
Romania,ROU,2020,2023,Third-generation cephalosporins,19.690265486725664,19.09090909090909,990.0,19.108675823316993,19.690265486725664,-0.017766732407903163,-0.5993563958165744,3,Penalized country partial pooling
Slovakia,SVK,2020,2023,Aminoglycosides,18.467852257181946,13.81294964028777,695.0,15.692969397170899,18.467852257181946,-1.8800197568831294,-4.6549026168941765,3,Penalized country partial pooling
Slovakia,SVK,2020,2023,Aminopenicillins,57.142857142857146,58.47953216374269,684.0,55.60743690430993,57.142857142857146,2.8720952594327613,1.3366750208855436,3,Penalized country partial pooling
Slovakia,SVK,2020,2023,Carbapenems,0.1418439716312056,0.1436781609195402,696.0,0.0,0.1418439716312056,0.1436781609195402,0.0018341892883345923,3,Penalized country partial pooling
Slovakia,SVK,2020,2023,Fluoroquinolones,34.15637860082305,31.16883116883117,693.0,31.997633921362247,34.15637860082305,-0.8288027525310788,-2.987547431991878,3,Penalized country partial pooling
Slovakia,SVK,2020,2023,Third-generation cephalosporins,27.097661623108667,21.55172413793104,696.0,23.046424579643286,27.097661623108667,-1.4947004417122471,-5.545937485177628,3,Penalized country partial pooling
Slovenia,SVN,2020,2023,Aminoglycosides,6.806930693069307,6.955460646735815,1639.0,8.564441755002385,6.806930693069307,-1.60898110826657,0.14852995366650745,3,Penalized country partial pooling
Slovenia,SVN,2020,2023,Aminopenicillins,51.26777983920841,48.99328859060402,1639.0,50.20384262995647,51.26777983920841,-1.210554039352452,-2.2744912486043916,3,Penalized country partial pooling
Slovenia,SVN,2020,2023,Carbapenems,0.0,0.061012812690665,1639.0,0.0,0.0,0.061012812690665,0.061012812690665,3,Penalized country partial pooling
Slovenia,SVN,2020,2023,Fluoroquinolones,18.119975262832405,15.924344112263576,1639.0,17.089380448304333,18.119975262832405,-1.1650363360407567,-2.195631150568829,3,Penalized country partial pooling
Slovenia,SVN,2020,2023,Third-generation cephalosporins,10.575139146567718,8.663819402074436,1639.0,9.671511845387387,10.575139146567718,-1.0076924433129513,-1.911319744493282,3,Penalized country partial pooling
Sweden,SWE,2020,2023,Aminoglycosides,5.884146341463414,6.160164271047228,10714.0,5.966770836352195,5.884146341463414,0.19339343469503323,0.2760179295838139,3,Penalized country partial pooling
Sweden,SWE,2020,2023,Carbapenems,0.0101564086938858,0.0373343289154377,10714.0,0.15834235737969626,0.0101564086938858,-0.12100802846425857,0.027177920221551896,3,Penalized country partial pooling
Sweden,SWE,2020,2023,Fluoroquinolones,14.084507042253522,14.746112047967022,10674.0,14.698326991071575,14.084507042253522,0.04778505689544765,0.6616050057135006,3,Penalized country partial pooling
Sweden,SWE,2020,2023,Third-generation cephalosporins,7.866423061307349,7.925407925407925,10725.0,7.338285480539384,7.866423061307349,0.587122444868541,0.05898486410057657,3,Penalized country partial pooling
