Parameter,BaseNMBEUR,LowNMBEUR,HighNMBEUR,MinimumNMBEUR,MaximumNMBEUR,NMBRangeEUR
resistance_trigger_pct,-38673433.382703245,-7409542.816116519,0.0,-38673433.382703245,0.0,38673433.382703245
increase_trigger_pp,-38673433.382703245,-38442971.20115008,-38673433.382703245,-38673433.382703245,-38442971.20115008,230462.18155316263
future_bsi_incidence_multiplier,-38673433.382703245,-30878746.706162594,-46468120.05924387,-46468120.05924387,-30878746.706162594,15589373.353081279
baseline_bsi_mortality_probability,-38673433.382703245,-26475161.39722202,-59060254.146918066,-59060254.146918066,-26475161.39722202,32585092.749696046
intervention_mortality_odds_ratio,-38673433.382703245,-67825946.29488866,-5432529.82669626,-67825946.29488866,-5432529.82669626,62393416.4681924
programme_fixed_cost_per_country,-38673433.382703245,-38873433.38270325,-38373433.382703245,-38873433.38270325,-38373433.382703245,500000.00000000745
programme_variable_cost_per_bsi_episode,-38673433.382703245,-39479473.95648429,-37061352.235141166,-39479473.95648429,-37061352.235141166,2418121.7213431224
qaly_loss_per_bsi_death,-38673433.382703245,-18481431.189293213,-58865435.57611328,-58865435.57611328,-18481431.189293213,40384004.38682007
willingness_to_pay_per_qaly,-38673433.382703245,-25212098.587096557,-65596102.973916635,-65596102.973916635,-25212098.587096557,40384004.38682008
