file,relative_path,format
00_model_development_workflow.png,/workspace/scratch/242401cbb228/regional_ecoli_amr/outputs/figures/00_model_development_workflow.png,png
01_country_year_coverage_heatmap.png,/workspace/scratch/242401cbb228/regional_ecoli_amr/outputs/figures/01_country_year_coverage_heatmap.png,png
02_antibiotic_country_coverage.png,/workspace/scratch/242401cbb228/regional_ecoli_amr/outputs/figures/02_antibiotic_country_coverage.png,png
03_testing_volume_distribution.png,/workspace/scratch/242401cbb228/regional_ecoli_amr/outputs/figures/03_testing_volume_distribution.png,png
04_breakpoint_version_timeline.png,/workspace/scratch/242401cbb228/regional_ecoli_amr/outputs/figures/04_breakpoint_version_timeline.png,png
05_resistance_distribution_by_antibiotic.png,/workspace/scratch/242401cbb228/regional_ecoli_amr/outputs/figures/05_resistance_distribution_by_antibiotic.png,png
06_weighted_resistance_trends.png,/workspace/scratch/242401cbb228/regional_ecoli_amr/outputs/figures/06_weighted_resistance_trends.png,png
07_latest_country_antibiotic_heatmap.png,/workspace/scratch/242401cbb228/regional_ecoli_amr/outputs/figures/07_latest_country_antibiotic_heatmap.png,png
08_consumption_by_sector_trend.png,/workspace/scratch/242401cbb228/regional_ecoli_amr/outputs/figures/08_consumption_by_sector_trend.png,png
09_prescribing_behaviour_trends.png,/workspace/scratch/242401cbb228/regional_ecoli_amr/outputs/figures/09_prescribing_behaviour_trends.png,png
10_latest_consumption_heatmap.png,/workspace/scratch/242401cbb228/regional_ecoli_amr/outputs/figures/10_latest_consumption_heatmap.png,png
11_consumption_vs_next_resistance.png,/workspace/scratch/242401cbb228/regional_ecoli_amr/outputs/figures/11_consumption_vs_next_resistance.png,png
12_age65_vs_next_resistance.png,/workspace/scratch/242401cbb228/regional_ecoli_amr/outputs/figures/12_age65_vs_next_resistance.png,png
13_predictor_correlation_heatmap.png,/workspace/scratch/242401cbb228/regional_ecoli_amr/outputs/figures/13_predictor_correlation_heatmap.png,png
22_feature_missingness.png,/workspace/scratch/242401cbb228/regional_ecoli_amr/outputs/figures/22_feature_missingness.png,png
23_feature_target_correlations_h1.png,/workspace/scratch/242401cbb228/regional_ecoli_amr/outputs/figures/23_feature_target_correlations_h1.png,png
24_mutual_information_h1.png,/workspace/scratch/242401cbb228/regional_ecoli_amr/outputs/figures/24_mutual_information_h1.png,png
25_feature_distributions.png,/workspace/scratch/242401cbb228/regional_ecoli_amr/outputs/figures/25_feature_distributions.png,png
26_binned_feature_relationships_h1.png,/workspace/scratch/242401cbb228/regional_ecoli_amr/outputs/figures/26_binned_feature_relationships_h1.png,png
27_feature_availability_over_time.png,/workspace/scratch/242401cbb228/regional_ecoli_amr/outputs/figures/27_feature_availability_over_time.png,png
23_feature_target_correlations_h3.png,/workspace/scratch/242401cbb228/regional_ecoli_amr/outputs/figures/23_feature_target_correlations_h3.png,png
24_mutual_information_h3.png,/workspace/scratch/242401cbb228/regional_ecoli_amr/outputs/figures/24_mutual_information_h3.png,png
26_binned_feature_relationships_h3.png,/workspace/scratch/242401cbb228/regional_ecoli_amr/outputs/figures/26_binned_feature_relationships_h3.png,png
23_feature_target_correlations_h5.png,/workspace/scratch/242401cbb228/regional_ecoli_amr/outputs/figures/23_feature_target_correlations_h5.png,png
24_mutual_information_h5.png,/workspace/scratch/242401cbb228/regional_ecoli_amr/outputs/figures/24_mutual_information_h5.png,png
26_binned_feature_relationships_h5.png,/workspace/scratch/242401cbb228/regional_ecoli_amr/outputs/figures/26_binned_feature_relationships_h5.png,png
14_model_rmse_all_horizons.png,/workspace/scratch/242401cbb228/regional_ecoli_amr/outputs/figures/14_model_rmse_all_horizons.png,png
15_observed_vs_predicted.png,/workspace/scratch/242401cbb228/regional_ecoli_amr/outputs/figures/15_observed_vs_predicted.png,png
16_residual_diagnostics.png,/workspace/scratch/242401cbb228/regional_ecoli_amr/outputs/figures/16_residual_diagnostics.png,png
17_rmse_by_antibiotic_h1.png,/workspace/scratch/242401cbb228/regional_ecoli_amr/outputs/figures/17_rmse_by_antibiotic_h1.png,png
17_rmse_by_antibiotic_h3.png,/workspace/scratch/242401cbb228/regional_ecoli_amr/outputs/figures/17_rmse_by_antibiotic_h3.png,png
17_rmse_by_antibiotic_h5.png,/workspace/scratch/242401cbb228/regional_ecoli_amr/outputs/figures/17_rmse_by_antibiotic_h5.png,png
18_calibration_by_horizon.png,/workspace/scratch/242401cbb228/regional_ecoli_amr/outputs/figures/18_calibration_by_horizon.png,png
19_permutation_importance.png,/workspace/scratch/242401cbb228/regional_ecoli_amr/outputs/figures/19_permutation_importance.png,png
20_error_heatmap_h1.png,/workspace/scratch/242401cbb228/regional_ecoli_amr/outputs/figures/20_error_heatmap_h1.png,png
20_error_heatmap_h3.png,/workspace/scratch/242401cbb228/regional_ecoli_amr/outputs/figures/20_error_heatmap_h3.png,png
20_error_heatmap_h5.png,/workspace/scratch/242401cbb228/regional_ecoli_amr/outputs/figures/20_error_heatmap_h5.png,png
28_feature_group_ablation_h1.png,/workspace/scratch/242401cbb228/regional_ecoli_amr/outputs/figures/28_feature_group_ablation_h1.png,png
28_feature_group_ablation_h3.png,/workspace/scratch/242401cbb228/regional_ecoli_amr/outputs/figures/28_feature_group_ablation_h3.png,png
28_feature_group_ablation_h5.png,/workspace/scratch/242401cbb228/regional_ecoli_amr/outputs/figures/28_feature_group_ablation_h5.png,png
29_feature_group_test_delta_heatmap.png,/workspace/scratch/242401cbb228/regional_ecoli_amr/outputs/figures/29_feature_group_test_delta_heatmap.png,png
30_feature_group_decision_summary.png,/workspace/scratch/242401cbb228/regional_ecoli_amr/outputs/figures/30_feature_group_decision_summary.png,png
32_individual_feature_validation_h1.png,/workspace/scratch/242401cbb228/regional_ecoli_amr/outputs/figures/32_individual_feature_validation_h1.png,png
32_individual_feature_validation_h3.png,/workspace/scratch/242401cbb228/regional_ecoli_amr/outputs/figures/32_individual_feature_validation_h3.png,png
32_individual_feature_validation_h5.png,/workspace/scratch/242401cbb228/regional_ecoli_amr/outputs/figures/32_individual_feature_validation_h5.png,png
33_individual_feature_validation_heatmap.png,/workspace/scratch/242401cbb228/regional_ecoli_amr/outputs/figures/33_individual_feature_validation_heatmap.png,png
31_importance_stability_across_horizons.png,/workspace/scratch/242401cbb228/regional_ecoli_amr/outputs/figures/31_importance_stability_across_horizons.png,png
21_map_h1_absolute_error.html,outputs/figures/21_map_h1_absolute_error.html,html
21_map_h1_observed.html,outputs/figures/21_map_h1_observed.html,html
21_map_h1_predicted.html,outputs/figures/21_map_h1_predicted.html,html
21_map_h3_absolute_error.html,outputs/figures/21_map_h3_absolute_error.html,html
21_map_h3_observed.html,outputs/figures/21_map_h3_observed.html,html
21_map_h3_predicted.html,outputs/figures/21_map_h3_predicted.html,html
21_map_h5_absolute_error.html,outputs/figures/21_map_h5_absolute_error.html,html
21_map_h5_observed.html,outputs/figures/21_map_h5_observed.html,html
21_map_h5_predicted.html,outputs/figures/21_map_h5_predicted.html,html
